"file","line","type","snippet_60chars","is_production_file"
"src/app/api/auth/otp/authOtpStore.ts","28","throw-generic","if (!pepper) throw new Error('AUTH_OTP_PEPPER is required');","TRUE"
"src/app/api/auth/otp/whatsappMsisdn.ts","3","smell-tag:xxx","/** MSISDN واتساب العراقي بدون + — 9647xxxxxxxx */","TRUE"
"src/app/api/security/adminMailerSmtp.ts","193","throw-generic","if (!cfg) throw new Error('SMTP not configured');","TRUE"
"src/app/api/security/adminOtpStore.ts","31","throw-generic","throw new Error('ADMIN_OTP_PEPPER is required');","TRUE"
"src/app/api/security/headquartersAudit.ts","21","console:error","console.error('[hq-audit] admin client missing');","TRUE"
"src/app/api/security/headquartersAudit.ts","43","console:error","console.error('[hq-audit] insert failed'; code);","TRUE"
"src/app/api/security/headquartersAudit.ts","48","console:error","console.error('[hq-audit] insert threw');","TRUE"
"src/app/api/security/hqOtpShift.ts","25","throw-generic","throw new Error('HQ_OTP_SHIFT_FORMAT');","TRUE"
"src/app/api/security/hqOtpShift.ts","37","throw-generic","throw new Error('HQ_OTP_SHIFT_FORMAT');","TRUE"
"src/app/api/security/hqOtpShift.ts","42","throw-generic","throw new Error('HQ_OTP_SHIFT_ZERO');","TRUE"
"src/app/api/security/kvStoreAdmin.ts","14","throw-generic","if (!admin) throw new Error('KV admin client is not configured');","TRUE"
"src/app/api/security/kvStoreAdmin.ts","21","throw-generic","if (!admin) throw new Error('KV admin client is not configured');","TRUE"
"src/app/api/security/kvStoreAdmin.ts","29","throw-generic","if (!admin) throw new Error('KV admin client is not configured');","TRUE"
"src/app/api/security/kvStoreAdmin.ts","42","throw-generic","throw new Error('Unsafe KV prefix');","TRUE"
"src/app/api/security/kvStoreAdmin.ts","53","throw-generic","if (!p) throw new Error('Unsafe KV prefix');","TRUE"
"src/app/api/security/kvStoreAdmin.ts","69","throw-generic","if (!admin) throw new Error('KV admin client is not configured');","TRUE"
"src/app/api/security/kvStoreAdmin.ts","89","throw-generic","if (!admin) throw new Error('KV admin client is not configured');","TRUE"
"src/app/api/security/kvStoreAdmin.ts","145","throw-generic","if (!admin) throw new Error('KV admin client is not configured');","TRUE"
"src/app/api/security/kvStoreAdmin.ts","168","throw-generic","if (!admin) throw new Error('KV admin client is not configured');","TRUE"
"src/app/api/security/kvStoreAdmin.ts","250","throw-generic","if (!admin) throw new Error('KV admin client is not configured');","TRUE"
"src/app/api/security/kvStoreAdmin.ts","298","throw-generic","if (!admin) throw new Error('KV admin client is not configured');","TRUE"
"src/app/api/security/kvStoreAdmin.ts","313","throw-generic","if (!admin) throw new Error('KV admin client is not configured');","TRUE"
"src/app/api/security/stolenTokenStores.ts","115","throw-generic","if (!admin) throw new Error('Supabase session store is not configured.');","TRUE"
"src/app/api/security/stolenTokenStores.ts","137","throw-generic","if (!admin) throw new Error('Supabase session store is not configured.');","TRUE"
"src/app/api/security/stolenTokenStores.ts","160","throw-generic","if (!admin) throw new Error('Supabase session store is not configured.');","TRUE"
"src/app/api/security/wifeNonceStore.ts","64","throw-generic","if (!supabaseUrl || !supabaseKey) throw new Error('Supabase nonce store is not c","TRUE"
"src/app/api/security/wifeRedisRest.ts","15","throw-generic","if (!cfg) throw new Error('Redis is not configured.');","TRUE"
"src/app/api/security/wifeSecurityMonitor.ts","73","console:warn","console.warn(JSON.stringify(payload));","TRUE"
"src/app/api/vercelNodeHandler.ts","107","console:error","console.error('[vercel-api]'; e);","TRUE"
"src/app/bootstrap/lawyerAuth/LawyerRegisterProfileStep.tsx","71","smell-tag:xxx","placeholder='07xxxxxxxx'","TRUE"
"src/app/bootstrap/LawyerDashboardBootErrorBoundary.tsx","27","console:error","console.error('[LawyerDashboardBoot] load/render failed:'; error);","TRUE"
"src/app/bootstrap/LawyerDashboardBootErrorBoundary.tsx","28","console:error","console.error('[LawyerDashboardBoot] component stack:'; errorInfo.componentStack","TRUE"
"src/app/bootstrap/lawyerDashboardChunk.ts","49","console:warn","console.warn('[preloadLawyerDashboardChunk] failed:'; err);","TRUE"
"src/app/components/admin/adminLawEntryApi.ts","81","throw-generic","throw new Error('لم تُرجع الخادم أي بيانات.');","TRUE"
"src/app/components/admin/adminLawEntryApi.ts","98","throw-generic","throw new Error('استجابة غير متوقعة من الخادم.');","TRUE"
"src/app/components/admin/adminLawEntryApi.ts","135","throw-generic","throw new Error('لم تُرجع الخادم أي بيانات.');","TRUE"
"src/app/components/lawyer/CommunityScreen/CommunityErrorBoundary.tsx","26","console:error","console.error('[CommunityErrorBoundary]'; error; info.componentStack);","TRUE"
"src/app/components/lawyer/CommunityScreen/hooks/runLegalRepositoryUploadSubmit.ts","52","throw-generic","throw new Error('auth');","TRUE"
"src/app/components/lawyer/CommunityScreen/hooks/runLegalRepositoryUploadSubmit.ts","59","throw-generic","throw new Error('invalid-fields');","TRUE"
"src/app/components/lawyer/CommunityScreen/hooks/runLegalRepositoryUploadSubmit.ts","64","throw-generic","throw new Error('no-file');","TRUE"
"src/app/components/lawyer/CommunityScreen/hooks/runLegalRepositoryUploadSubmit.ts","75","throw-generic","throw new Error('invalid-file');","TRUE"
"src/app/components/lawyer/CommunityScreen/hooks/runLegalRepositoryUploadSubmit.ts","94","throw-generic","throw new Error('invalid-file');","TRUE"
"src/app/components/lawyer/CommunityScreen/hooks/runLegalRepositoryUploadSubmit.ts","117","throw-generic","throw new Error('persist-failed');","TRUE"
"src/app/components/lawyer/CommunityScreen/hooks/runLegalRepositoryUploadSubmit.ts","123","throw-generic","throw new Error('no-storage');","TRUE"
"src/app/components/lawyer/CommunityScreen/hooks/runLegalRepositoryUploadSubmit.ts","161","throw-generic","throw new Error('cloud-failed');","TRUE"
"src/app/components/lawyer/CommunityScreen/hooks/runLegalRepositoryUploadSubmit.ts","197","throw-generic","throw new Error('save-failed');","TRUE"
"src/app/components/lawyer/CommunityScreen/hooks/useCommunityScreenPostSaves.ts","68","throw-generic","if (!copied) throw new Error('copy-failed');","TRUE"
"src/app/components/lawyer/CommunityScreen/legalRepositoryCloudSync.ts","25","throw-generic","throw new Error('cloud-aborted');","TRUE"
"src/app/components/lawyer/CommunityScreen/legalRepositoryCloudSync.ts","29","throw-generic","throw new Error('cloud-failed');","TRUE"
"src/app/components/lawyer/CommunityScreen/legalRepositoryCloudSync.ts","32","throw-generic","throw new Error('cloud-aborted');","TRUE"
"src/app/components/lawyer/CommunityScreen/legalRepositoryCloudSync.ts","40","throw-generic","throw new Error('cloud-failed');","TRUE"
"src/app/components/lawyer/CommunityScreen/legalRepositoryCloudSync.ts","43","throw-generic","throw new Error('cloud-aborted');","TRUE"
"src/app/components/lawyer/CommunityScreen/repositoryStorageService.ts","118","throw-generic","throw new Error('download-failed');","TRUE"
"src/app/components/lawyer/CommunityScreen/settleIdleChunkPrefetch.ts","43","console:warn","console.warn(`[hami:prefetch] ${label}`; reason);","TRUE"
"src/app/components/lawyer/criminal-system/caseMergeTimeline.ts","121","throw-generic","throw new Error('تعذّر تنفيذ الضم: إضبارة غير موجودة.');","TRUE"
"src/app/components/lawyer/criminal-system/components/OtherEvidenceEntryForm.tsx","36","smell-tag:ToDo","isLinkedToDossier: linkedInput;","TRUE"
"src/app/components/lawyer/criminal-system/components/OtherEvidenceLogCard.tsx","39","smell-tag:ToDo","item.isLinkedToDossier","TRUE"
"src/app/components/lawyer/criminal-system/components/OtherEvidenceLogCard.tsx","44","smell-tag:ToDo","{item.isLinkedToDossier ? 'مرتبط في الإضبارة' : 'غير مرتبط في الإضبارة'}","TRUE"
"src/app/components/lawyer/criminal-system/criminalCaseEvidenceTypes.ts","52","smell-tag:ToDo","isLinkedToDossier: boolean;","TRUE"
"src/app/components/lawyer/criminal-system/criminalDashboardBridgeRuntime.ts","137","console:warn","console.warn('[criminalDashboardBridge] publish failed'; err);","TRUE"
"src/app/components/lawyer/criminal-system/criminalStoreInvestigationActions.ts","102","smell-tag:ToDo","isLinkedToDossier: item.isLinkedToDossier === true;","TRUE"
"src/app/components/lawyer/criminal-system/criminalStoreInvestigationActions.ts","104","smell-tag:ToDo","item.isLinkedToDossier === true && String(item.attachmentDate ?? '').trim()","TRUE"
"src/app/components/lawyer/criminal-system/criminalStoreMergeDraftActions.ts","298","console:warn","console.warn('[criminal] فشل تنظيف أحداث التقويم بعد حذف الإضبارة'; id; err);","TRUE"
"src/app/components/lawyer/criminal-system/criminalStorePersistMigrateNormalizeEvidence.ts","229","smell-tag:ToDo","const isLinkedToDossier = o.isLinkedToDossier === true;","TRUE"
"src/app/components/lawyer/criminal-system/criminalStorePersistMigrateNormalizeEvidence.ts","234","smell-tag:ToDo","isLinkedToDossier;","TRUE"
"src/app/components/lawyer/criminal-system/criminalStorePersistMigrateNormalizeEvidence.ts","235","smell-tag:ToDo","attachmentDate: isLinkedToDossier && attachmentDateRaw ? attachmentDateRaw : und","TRUE"
"src/app/components/lawyer/criminal-system/legalCodes/legalCodesDataCache.ts","82","console:warn","console.warn('[LegalCodes] bundled fallback is present but empty'; {","TRUE"
"src/app/components/lawyer/criminal-system/legalCodes/legalCodesDataCache.ts","87","console:error","console.error('[LegalCodes] bundled fallback failed'; {","TRUE"
"src/app/components/lawyer/criminal-system/legalCodes/legalCodesDataCache.ts","95","console:error","console.error('[LegalCodes] load failed'; {","TRUE"
"src/app/components/lawyer/dashboard/ArchivePortalHost.tsx","139","console:error","console.error('[ArchivePortalHost] execution archive load failed'; error);","TRUE"
"src/app/components/lawyer/dashboard/ArchivePortalHost.tsx","163","console:error","console.error('[ArchivePortalHost] archive module load failed'; error);","TRUE"
"src/app/components/lawyer/dashboard/ExecutionDashboardPortal.tsx","154","console:error","console.error('[ExecutionDossier] crash:'; error);","TRUE"
"src/app/components/lawyer/dashboard/ExecutionDashboardPortal.tsx","155","console:error","console.error('[ExecutionDossier] stack:'; errorInfo.componentStack);","TRUE"
"src/app/components/lawyer/dashboard/fieldTasks/FieldTasksManagerHost.tsx","72","throw-generic","throw new Error('TasksManagerOverlay missing');","TRUE"
"src/app/components/lawyer/dashboard/homeLiteErrorBoundary.tsx","20","console:error","console.error(`[${source}] render failed:`; error);","TRUE"
"src/app/components/lawyer/dashboard/SmartFileModalPortal.tsx","104","console:error","console.error('[LawsuitDossier] crash:'; error);","TRUE"
"src/app/components/lawyer/dashboard/SmartFileModalPortal.tsx","105","console:error","console.error('[LawsuitDossier] component stack:'; errorInfo.componentStack);","TRUE"
"src/app/components/lawyer/dashboard/TasksManager.tsx","126","throw-generic","throw new Error('NO_USER');","TRUE"
"src/app/components/lawyer/dashboard/TasksManager.tsx","139","throw-generic","throw new Error('CREATE_FAILED');","TRUE"
"src/app/components/lawyer/DecisionsAndAppealsEngine/hooks/useDecisionsAppealsHubUiState.ts","10","smell-tag:ToDo","scrollToDomIdWhenReady;","TRUE"
"src/app/components/lawyer/DecisionsAndAppealsEngine/hooks/useDecisionsAppealsHubUiState.ts","93","smell-tag:ToDo","return scrollToDomIdWhenReady(`hami-decision-card-${decisionsScrollTargetId}`; (","TRUE"
"src/app/components/lawyer/DeferredActiveOrderFile.tsx","102","console:error","console.error('[ActiveOrderFile] render error:'; error; info.componentStack);","TRUE"
"src/app/components/lawyer/ExecutionDashboard/followupModalContext.tsx","52","throw-generic","throw new Error('useFollowupModal must run inside FollowupModalStoreProvider');","TRUE"
"src/app/components/lawyer/HamiSettings/hooks/settingsAppearanceFastPath.ts","2","smell-tag:ToDo","applyAppearanceThemeToDom;","TRUE"
"src/app/components/lawyer/HamiSettings/hooks/settingsAppearanceFastPath.ts","3","smell-tag:ToDo","applyFontSizeToDom;","TRUE"
"src/app/components/lawyer/HamiSettings/hooks/settingsAppearanceFastPath.ts","4","smell-tag:ToDo","applyGlassSurfaceAppearanceToDom;","TRUE"
"src/app/components/lawyer/HamiSettings/hooks/settingsAppearanceFastPath.ts","5","smell-tag:ToDo","applyHighContrastToDom;","TRUE"
"src/app/components/lawyer/HamiSettings/hooks/settingsAppearanceFastPath.ts","6","smell-tag:ToDo","applyReduceMotionToDom;","TRUE"
"src/app/components/lawyer/HamiSettings/hooks/settingsAppearanceFastPath.ts","44","smell-tag:ToDo","applyHighContrastToDom(Boolean(partial.highContrast));","TRUE"
"src/app/components/lawyer/HamiSettings/hooks/settingsAppearanceFastPath.ts","50","smell-tag:ToDo","applyFontSizeToDom(partial.fontSize);","TRUE"
"src/app/components/lawyer/HamiSettings/hooks/settingsAppearanceFastPath.ts","56","smell-tag:ToDo","applyReduceMotionToDom(Boolean(partial.reduceMotion); snapshot.performance.enabl","TRUE"
"src/app/components/lawyer/HamiSettings/hooks/settingsAppearanceFastPath.ts","61","smell-tag:ToDo","applyAppearanceThemeToDom(mergeAppearancePatch(snapshot; partial));","TRUE"
"src/app/components/lawyer/HamiSettings/hooks/settingsAppearanceFastPath.ts","66","smell-tag:ToDo","applyGlassSurfaceAppearanceToDom(mergeAppearancePatch(snapshot; partial));","TRUE"
"src/app/components/lawyer/HamiSettings/hooks/settingsPatchApply.ts","2","smell-tag:ToDo","applySettingsToDom;","TRUE"
"src/app/components/lawyer/HamiSettings/hooks/settingsPatchApply.ts","11","smell-tag:ToDo","applySettingsToDom(next);","TRUE"
"src/app/components/lawyer/HamiSettings/hooks/settingsPerformanceFastPath.ts","2","smell-tag:ToDo","applyReduceMotionToDom;","TRUE"
"src/app/components/lawyer/HamiSettings/hooks/settingsPerformanceFastPath.ts","23","smell-tag:ToDo","applyReduceMotionToDom(snapshot.appearance.reduceMotion; enableAnimations);","TRUE"
"src/app/components/lawyer/HamiSettings/hooks/useSettingsHomeLayoutPatches.ts","4","smell-tag:ToDo","applyHomeLayoutOverridesToDom;","TRUE"
"src/app/components/lawyer/HamiSettings/hooks/useSettingsHomeLayoutPatches.ts","20","smell-tag:ToDo","applyHomeLayoutOverridesToDom(next);","TRUE"
"src/app/components/lawyer/HamiSettings/hooks/useSettingsHomeLayoutPatches.ts","47","smell-tag:ToDo","applyHomeLayoutOverridesToDom(next);","TRUE"
"src/app/components/lawyer/HamiSettings/hooks/useSettingsPatches.ts","4","smell-tag:ToDo","applyGlassSurfaceAppearanceToDom;","TRUE"
"src/app/components/lawyer/HamiSettings/hooks/useSettingsPatches.ts","5","smell-tag:ToDo","applyHomeLayoutOverridesToDom;","TRUE"
"src/app/components/lawyer/HamiSettings/hooks/useSettingsPatches.ts","41","smell-tag:ToDo","applyGlassSurfaceAppearanceToDom(next);","TRUE"
"src/app/components/lawyer/HamiSettings/hooks/useSettingsPatches.ts","42","smell-tag:ToDo","applyHomeLayoutOverridesToDom(next);","TRUE"
"src/app/components/lawyer/personal-status/PersonalStatusDossierPanel.tsx","6","smell-tag:ToDo","import { ToDoList } from '@/app/components/lawyer/smart-modal/parts/ToDoList';","TRUE"
"src/app/components/lawyer/personal-status/PersonalStatusDossierPanel.tsx","95","smell-tag:ToDo","<ToDoList","TRUE"
"src/app/components/lawyer/RoyalLawyerProfile/components/ProfileSettingsSheetHost.tsx","67","throw-generic","throw new Error('ProfileSettingsSheet missing');","TRUE"
"src/app/components/lawyer/RoyalLawyerProfile/hooks/useProfileStudioCustomizationSave.ts","89","throw-generic","throw new Error('profile-missing');","TRUE"
"src/app/components/lawyer/smart-modal/layout/mainPanel/SmartFileWorkflowHubsSection.tsx","13","smell-tag:ToDo","const LazyToDoList = lazy(() =>","TRUE"
"src/app/components/lawyer/smart-modal/layout/mainPanel/SmartFileWorkflowHubsSection.tsx","14","smell-tag:ToDo","import('../../parts/ToDoList').then((m) => ({ default: m.ToDoList }));","TRUE"
"src/app/components/lawyer/smart-modal/layout/mainPanel/SmartFileWorkflowHubsSection.tsx","203","smell-tag:ToDo","<LazyToDoList","TRUE"
"src/app/components/lawyer/smart-modal/lazySmartFileModalWidgets.tsx","7","smell-tag:ToDo","void import('./parts/ToDoList').catch(() => undefined);","TRUE"
"src/app/components/lawyer/smart-modal/parts/ToDoList.tsx","178","smell-tag:ToDo","export const ToDoList = memo(function ToDoList({","TRUE"
"src/app/components/lawyer/smart-modal/smartFile/caseLinking.ts","417","throw-generic","throw new Error('تعذّر تحديد الإضبارة الجزائية');","TRUE"
"src/app/components/lawyer/smart-modal/smartFile/cassationCorrectionTransition.ts","24","throw-generic","throw new Error('applyCassationCorrectionOpen: cassation stage not found');","TRUE"
"src/app/components/lawyer/smart-modal/smartFile/cassationCorrectionTransition.ts","122","throw-generic","throw new Error('applyCorrectionComplete: correction stage not found');","TRUE"
"src/app/components/lawyer/smart-modal/smartFile/cassationCorrectionTransition.ts","150","throw-generic","throw new Error('applyCorrectionComplete: litigation target stage missing');","TRUE"
"src/app/components/lawyer/smart-modal/smartFile/cassationCorrectionTransition.ts","192","throw-generic","throw new Error('applyCorrectionRejected: correction stage not found');","TRUE"
"src/app/components/lawyer/smart-modal/smartFile/cassationRemandTransition.ts","71","throw-generic","throw new Error('applyCassationRemand: cassation stage not found');","TRUE"
"src/app/components/lawyer/smart-modal/smartFile/cassationRemandTransition.ts","77","throw-generic","throw new Error('applyCassationRemand: no distinct prior stage to remand to');","TRUE"
"src/app/components/lawyer/smart-modal/smartFile/cassationRemandTransition.ts","81","throw-generic","throw new Error('applyCassationRemand: remand source stage missing');","TRUE"
"src/app/components/lawyer/smart-modal/smartFile/shareCaseReport.ts","53","throw-generic","throw new Error('Web Share API not supported');","TRUE"
"src/app/components/lawyer/SmartRepository/entryCards/GlobalEntryCard.tsx","28","smell-tag:ToDo","| 'onLinkGlobalToDossier'","TRUE"
"src/app/components/lawyer/SmartRepository/entryCards/GlobalEntryCard.tsx","54","smell-tag:ToDo","onLinkGlobalToDossier;","TRUE"
"src/app/components/lawyer/SmartRepository/entryCards/GlobalEntryCard.tsx","101","smell-tag:ToDo","onLinkGlobalToDossier={onLinkGlobalToDossier}","TRUE"
"src/app/components/lawyer/SmartRepository/entryCards/GlobalEntryCardActions.tsx","27","smell-tag:ToDo","onLinkGlobalToDossier: (note: GlobalNote; dossier: DossierPickerOption) => Promi","TRUE"
"src/app/components/lawyer/SmartRepository/entryCards/GlobalEntryCardActions.tsx","41","smell-tag:ToDo","onLinkGlobalToDossier;","TRUE"
"src/app/components/lawyer/SmartRepository/entryCards/GlobalEntryCardActions.tsx","66","smell-tag:ToDo","onConfirm={async (dossier) => onLinkGlobalToDossier(note; dossier)}","TRUE"
"src/app/components/lawyer/SmartRepository/entryCards/universalEntryCardTypes.ts","24","smell-tag:ToDo","onLinkGlobalToDossier: (note: GlobalNote; dossier: DossierPickerOption) => Promi","TRUE"
"src/app/components/lawyer/SmartRepository/hooks/useRepositoryCompose.ts","65","smell-tag:ToDo","const { handleLinkGlobalToDossier; handleBindVaultDoc } = useRepositoryComposeDo","TRUE"
"src/app/components/lawyer/SmartRepository/hooks/useRepositoryCompose.ts","210","smell-tag:ToDo","handleLinkGlobalToDossier;","TRUE"
"src/app/components/lawyer/SmartRepository/hooks/useRepositoryComposeDossier.ts","15","smell-tag:ToDo","globalNoteToDossierPayload;","TRUE"
"src/app/components/lawyer/SmartRepository/hooks/useRepositoryComposeDossier.ts","16","smell-tag:ToDo","vaultDocToDossierPayload;","TRUE"
"src/app/components/lawyer/SmartRepository/hooks/useRepositoryComposeDossier.ts","43","smell-tag:ToDo","const handleLinkGlobalToDossier = useCallback(","TRUE"
"src/app/components/lawyer/SmartRepository/hooks/useRepositoryComposeDossier.ts","46","smell-tag:ToDo","const payload = globalNoteToDossierPayload(note);","TRUE"
"src/app/components/lawyer/SmartRepository/hooks/useRepositoryComposeDossier.ts","101","smell-tag:ToDo","const payload = vaultDocToDossierPayload(doc);","TRUE"
"src/app/components/lawyer/SmartRepository/hooks/useRepositoryComposeDossier.ts","113","smell-tag:ToDo","await SmartVaultDB.bindToDossier(","TRUE"
"src/app/components/lawyer/SmartRepository/hooks/useRepositoryComposeDossier.ts","131","smell-tag:ToDo","await SmartVaultDB.bindToDossier(","TRUE"
"src/app/components/lawyer/SmartRepository/hooks/useRepositoryComposeDossier.ts","164","smell-tag:ToDo","return { handleLinkGlobalToDossier; handleBindVaultDoc };","TRUE"
"src/app/components/lawyer/SmartRepository/hooks/useRepositoryRoomActions.ts","101","throw-generic","throw new Error('repository-room-delete-failed');","TRUE"
"src/app/components/lawyer/SmartRepository/RepositoryErrorBoundary.tsx","24","console:error","console.error('[RepositoryErrorBoundary]'; error);","TRUE"
"src/app/components/lawyer/SmartRepository/RepositoryFeedPanel.tsx","33","smell-tag:ToDo","onLinkGlobalToDossier: (note: GlobalNote; dossier: DossierPickerOption) => Promi","TRUE"
"src/app/components/lawyer/SmartRepository/RepositoryFeedPanel.tsx","65","smell-tag:ToDo","onLinkGlobalToDossier;","TRUE"
"src/app/components/lawyer/SmartRepository/RepositoryFeedPanel.tsx","109","smell-tag:ToDo","onLinkGlobalToDossier={onLinkGlobalToDossier}","TRUE"
"src/app/components/lawyer/SmartRepository/SmartRepositoryUnifiedFeed.tsx","113","smell-tag:ToDo","onLinkGlobalToDossier={compose.handleLinkGlobalToDossier}","TRUE"
"src/app/components/lawyer/SmartRepository/UniversalEntryCard.tsx","28","smell-tag:ToDo","onLinkGlobalToDossier;","TRUE"
"src/app/components/lawyer/SmartRepository/UniversalEntryCard.tsx","94","smell-tag:ToDo","onLinkGlobalToDossier={onLinkGlobalToDossier}","TRUE"
"src/app/components/lawyer/SmartVaultModal/scannerCamera.ts","94","throw-generic","if (comma < 0) throw new Error('invalid data url');","TRUE"
"src/app/components/lawyer/SmartVaultModal/scannerCamera.ts","159","throw-generic","throw new Error('UNSUPPORTED_CAMERA_API');","TRUE"
"src/app/components/lawyer/SmartVaultModal/scannerCamera.ts","172","throw-generic","throw new Error('UNSUPPORTED_CAMERA_API');","TRUE"
"src/app/components/lawyer/SmartVaultModal/VaultPdfJsViewer.tsx","100","throw-generic","if (!ctx) throw new Error('canvas 2d unavailable');","TRUE"
"src/app/components/lawyer/SmartVaultModal/VaultPdfJsViewer.tsx","112","console:error","console.error(`[vault-pdf] فشل رسم الصفحة ${pageNumber}`; err);","TRUE"
"src/app/components/lawyer/SmartVaultModal/VaultPdfJsViewer.tsx","238","console:error","console.error('[vault-pdf] فشل تحميل مستند PDF'; err);","TRUE"
"src/app/components/lawyer/TransactionsThreading/copyTransactionsText.ts","10","throw-generic","throw new Error('clipboard-unavailable');","TRUE"
"src/app/components/lawyer/TransactionsThreading/copyTransactionsText.ts","20","throw-generic","if (!ok) throw new Error('clipboard-unavailable');","TRUE"
"src/app/components/lawyer/TransactionsThreading/TransactionsChunkGuard.tsx","15","console:error","console.error('transactions-chunk-guard'; error; info.componentStack);","TRUE"
"src/app/components/lawyer/View_Urgent_And_Orders_Dashboard/UrgentDashboardOverlays.tsx","83","console:error","console.error('[UrgentOrders] form modal error:'; error; info.componentStack);","TRUE"
"src/app/components/lawyer/View_Urgent_And_Orders_Dashboard/UrgentDashboardOverlays.tsx","118","console:error","console.error('[UrgentOrders] dossier panel error:'; error; info.componentStack)","TRUE"
"src/app/components/ui/ErrorBoundary.tsx","57","console:error","console.error('[ErrorBoundary] Caught error:'; error);","TRUE"
"src/app/components/ui/ErrorBoundary.tsx","58","console:error","console.error('[ErrorBoundary] Component stack:'; errorInfo.componentStack);","TRUE"
"src/app/components/ui/ErrorBoundary.tsx","223","console:error","*       console.error('App Error:'; error);","TRUE"
"src/app/components/ui/icons/ListTodo.ts","1","smell-tag:Todo","export { default as ListTodo } from 'lucide-react/dist/esm/icons/list-todo.js';","TRUE"
"src/app/constants/iraqiLawBundleRegistry.ts","96","throw-generic","throw new Error('اسم القانون غير مسجل في نظام الحزم المحلية.');","TRUE"
"src/app/context/authHooks.ts","44","throw-generic","throw new Error('useAuth must be used within an AuthProvider');","TRUE"
"src/app/context/authProviderRuntime.ts","297","throw-generic","throw new Error('تعذّر فتح الجلسة بعد تسجيل الدخول');","TRUE"
"src/app/context/authProviderRuntime.ts","376","throw-generic","throw new Error('أدخل بريداً إلكترونياً صالحاً');","TRUE"
"src/app/context/authProviderRuntime.ts","398","throw-generic","throw new Error('أدخل بريداً إلكترونياً صالحاً');","TRUE"
"src/app/context/authProviderRuntime.ts","411","throw-generic","throw new Error('إعادة إرسال التأكيد متاحة عبر الخادم فقط');","TRUE"
"src/app/context/authProviderRuntime.ts","532","throw-generic","throw new Error('انتهت الجلسة — سجّل الدخول ثم أكمل بيانات التسجيل');","TRUE"
"src/app/context/authProviderRuntime.ts","750","console:warn","console.warn('[auth] local logout purge incomplete:'; result.failedStages.join('","TRUE"
"src/app/context/authProviderRuntime.ts","841","throw-generic","throw new Error('دخول المطوّر متاح في بيئة التطوير فقط');","TRUE"
"src/app/context/authProviderRuntime.ts","866","throw-generic","throw new Error('admin bypass disabled outside development');","TRUE"
"src/app/context/authProviderRuntime.ts","869","throw-generic","throw new Error('admin bypass requires development build');","TRUE"
"src/app/context/lawyerSettings/lawyerSettingsDevFallback.ts","52","smell-tag:ToDo","m.applySettingsToDom(LAWYER_SETTINGS_V2_DEFAULTS);","TRUE"
"src/app/context/lawyerSettings/lawyerSettingsDevFallback.ts","67","smell-tag:ToDo","m.applySettingsToDom(LAWYER_SETTINGS_V2_DEFAULTS);","TRUE"
"src/app/context/lawyerSettings/lawyerSettingsHooks.ts","36","console:warn","console.warn(","TRUE"
"src/app/context/lawyerSettings/lawyerSettingsHooks.ts","42","throw-generic","throw new Error('useLawyerSettings must be used within LawyerSettingsProvider');","TRUE"
"src/app/context/lawyerSettings/useLawyerSettingsDomSync.ts","3","smell-tag:ToDo","applySettingsToDom;","TRUE"
"src/app/context/lawyerSettings/useLawyerSettingsDomSync.ts","43","smell-tag:ToDo","applySettingsToDom(settingsRef.current);","TRUE"
"src/app/context/lawyerSettings/useLawyerSettingsHydration.ts","4","smell-tag:ToDo","import { applySettingsToDom } from '@/app/services/settings/apply';","TRUE"
"src/app/context/lawyerSettings/useLawyerSettingsHydration.ts","37","smell-tag:ToDo","applySettingsToDom(loaded);","TRUE"
"src/app/data/admin/SupabaseAdminRepository.ts","159","throw-generic","throw new Error('لم يُرجع الخادم بيانات المستخدم المحدَّث');","TRUE"
"src/app/data/admin/SupabaseAdminRepository.ts","311","throw-generic","throw new Error('معرّف المستخدم مطلوب');","TRUE"
"src/app/data/admin/SupabaseAdminRepository.ts","314","throw-generic","throw new Error('دور غير مسموح');","TRUE"
"src/app/data/admin/SupabaseAdminRepository.ts","338","throw-generic","if (!targetId) throw new Error('معرّف المستخدم مطلوب');","TRUE"
"src/app/data/admin/SupabaseAdminRepository.ts","340","throw-generic","throw new Error('مدة التجميد غير صالحة');","TRUE"
"src/app/data/admin/SupabaseAdminRepository.ts","363","throw-generic","if (!targetId) throw new Error('معرّف المستخدم مطلوب');","TRUE"
"src/app/data/admin/SupabaseAdminRepository.ts","385","throw-generic","if (!targetId) throw new Error('معرّف المستخدم مطلوب');","TRUE"
"src/app/data/admin/SupabaseAdminRepository.ts","411","throw-generic","if (!targetId) throw new Error('معرّف المستخدم مطلوب');","TRUE"
"src/app/data/admin/SupabaseAdminRepository.ts","413","throw-generic","if (!nextPassword) throw new Error('كلمة المرور مطلوبة');","TRUE"
"src/app/data/admin/SupabaseAdminRepository.ts","449","throw-generic","if (!title || !message) throw new Error('العنوان والنص مطلوبان');","TRUE"
"src/app/data/admin/SupabaseAdminRepository.ts","451","throw-generic","throw new Error('نطاق الإرسال غير صالح');","TRUE"
"src/app/data/admin/SupabaseAdminRepository.ts","504","throw-generic","if (!targetId) throw new Error('معرّف المستخدم مطلوب');","TRUE"
"src/app/data/admin/SupabaseAdminRepository.ts","517","throw-generic","if (!targetId) throw new Error('معرّف المستخدم مطلوب');","TRUE"
"src/app/data/admin/SupabaseAdminRepository.ts","527","throw-generic","if (!targetId) throw new Error('معرّف المستخدم مطلوب');","TRUE"
"src/app/data/admin/SupabaseAdminRepository.ts","537","throw-generic","if (!targetId) throw new Error('معرّف المستخدم مطلوب');","TRUE"
"src/app/data/admin/SupabaseAdminRepository.ts","547","throw-generic","if (!targetId) throw new Error('معرّف المستخدم مطلوب');","TRUE"
"src/app/data/admin/SupabaseAdminRepository.ts","565","throw-generic","if (!targetId) throw new Error('معرّف المستخدم مطلوب');","TRUE"
"src/app/data/admin/SupabaseAdminRepository.ts","575","throw-generic","if (!targetId) throw new Error('معرّف المستخدم مطلوب');","TRUE"
"src/app/data/admin/SupabaseAdminRepository.ts","591","throw-generic","if (!targetId) throw new Error('معرّف المستخدم مطلوب');","TRUE"
"src/app/data/DocsVault.ts","40","console:error","console.error('Failed to load docs vault'; e);","TRUE"
"src/app/data/DocsVault.ts","48","console:error","console.error('Failed to save docs vault'; e);","TRUE"
"src/app/data/NotesVault.ts","78","console:error","console.error('Failed to load notes vault'; e);","TRUE"
"src/app/data/NotesVault.ts","86","console:error","console.error('Failed to save notes vault'; e);","TRUE"
"src/app/domain/lawsuit/independentChallengeDossier.ts","225","throw-generic","throw new Error('applyIndependentChallengeSpawn: source stage missing');","TRUE"
"src/app/domain/lawsuit/lawsuitSegmentPersist.ts","34","console:warn","console.warn(","TRUE"
"src/app/hooks/useLawsuitFilesState.ts","339","console:warn","console.warn(","TRUE"
"src/app/hooks/useQuantumTasksContext.ts","28","throw-generic","throw new Error('useQuantumTasksData must be used within QuantumTasksProvider');","TRUE"
"src/app/hooks/useReduceMotion.ts","23","smell-tag:ToDo","* تقليل الحركة من DOM (يُضبط في index عبر applySettingsToDom) + prefers-reduced-","TRUE"
"src/app/infrastructure/persistence/LocalStorageRepository.ts","135","console:error","console.error('❌ [LocalStorageRepository] Failed to save data:'; error);","TRUE"
"src/app/infrastructure/persistence/LocalStorageRepository.ts","178","console:error","console.error('❌ [LocalStorageRepository] Failed to load data:'; error);","TRUE"
"src/app/infrastructure/persistence/LocalStorageRepository.ts","195","console:error","console.error('❌ [LocalStorageRepository] Failed to loadAsync:'; error);","TRUE"
"src/app/infrastructure/persistence/LocalStorageRepository.ts","213","console:error","console.error('❌ [LocalStorageRepository] Failed to remove data:'; error);","TRUE"
"src/app/infrastructure/persistence/LocalStorageRepository.ts","247","console:error","console.error('❌ [LocalStorageRepository] Failed to clear storage:'; error);","TRUE"
"src/app/modules/transactionsThreading/repository.ts","71","throw-generic","if (idx === -1) throw new Error('Transaction not found');","TRUE"
"src/app/modules/transactionsThreading/repository.ts","94","throw-generic","if (idx === -1) throw new Error('Task not found');","TRUE"
"src/app/modules/transactionsThreading/service.ts","64","throw-generic","if (!tx) throw new Error('Transaction not found');","TRUE"
"src/app/modules/transactionsThreading/service.ts","69","throw-generic","if (!parent || parent.transactionId !== input.transactionId) throw new Error('In","TRUE"
"src/app/modules/transactionsThreading/service.ts","92","throw-generic","if (!existing) throw new Error('Task not found');","TRUE"
"src/app/modules/transactionsThreading/service.ts","102","throw-generic","if (!existing) throw new Error('Task not found');","TRUE"
"src/app/modules/transactionsThreading/service.ts","120","throw-generic","if (!existing) throw new Error('Task not found');","TRUE"
"src/app/modules/transactionsThreading/service.ts","133","throw-generic","if (!tx) throw new Error('Transaction not found');","TRUE"
"src/app/modules/transactionsThreading/service.ts","139","throw-generic","if (!tx) throw new Error('Transaction not found');","TRUE"
"src/app/modules/transactionsThreading/service.ts","148","throw-generic","if (!tx) throw new Error('Transaction not found');","TRUE"
"src/app/modules/transactionsThreading/service.ts","175","throw-generic","if (!tx) throw new Error('Transaction not found');","TRUE"
"src/app/modules/transactionsThreading/store.ts","154","throw-generic","throw new Error('transactions-user-not-bound');","TRUE"
"src/app/runtime/capacitorWebShims/pluginStub.ts","13","throw-generic","throw new Error('Geolocation unavailable on web build');","TRUE"
"src/app/runtime/hamiSettingsLoader.ts","39","throw-generic","throw new Error('HamiSettings export missing');","TRUE"
"src/app/runtime/lawsuitLifecycleE2eProbe.ts","21","console:warn","/** مسار الاختبار فقط — البناء يحذف console.warn */","TRUE"
"src/app/runtime/nativeBootSplash.ts","57","console:warn","console.warn('[HamiBoot] notifyReady failed:'; reason);","TRUE"
"src/app/security/csrfSession.ts","43","smell-tag:ToDo","applyCsrfTokenToDocument(token);","TRUE"
"src/app/security/csrfSession.ts","62","smell-tag:ToDo","export function applyCsrfTokenToDocument(token: string): void {","TRUE"
"src/app/security/ensureCsrfSessionReady.ts","6","smell-tag:ToDo","applyCsrfTokenToDocument;","TRUE"
"src/app/security/ensureCsrfSessionReady.ts","75","smell-tag:ToDo","applyCsrfTokenToDocument(token);","TRUE"
"src/app/security/ensureCsrfSessionReady.ts","82","smell-tag:ToDo","applyCsrfTokenToDocument(token);","TRUE"
"src/app/security/ensureCsrfSessionReady.ts","99","smell-tag:ToDo","applyCsrfTokenToDocument(token);","TRUE"
"src/app/services/auth/identityImageNormalize.ts","52","throw-generic","if (!ctx) throw new Error('تعذّر تجهيز الصورة');","TRUE"
"src/app/services/auth/identityImageNormalize.ts","58","throw-generic","throw new Error('تعذّر اعتماد الصورة — أعد الالتقاط بصيغة JPG أو PNG');","TRUE"
"src/app/services/auth/identityImageNormalize.ts","95","throw-generic","throw new Error('الملف فارغ — أرفق صورة حقيقية لوجه أو ظهر الهوية');","TRUE"
"src/app/services/auth/identityImageNormalize.ts","98","throw-generic","throw new Error('حجم الصورة كبير — اختر صورة أوضح وأصغر من 4.5MB');","TRUE"
"src/app/services/auth/identityImageNormalize.ts","102","throw-generic","throw new Error('يُقبل ملف صورة فقط');","TRUE"
"src/app/services/auth/lawyerVerificationRemote.ts","115","throw-generic","throw new Error('تعذّر جلب ملف المحامي');","TRUE"
"src/app/services/auth/lawyerVerificationRemote.ts","135","throw-generic","throw new Error('تعذّر جلب طلبات التوثيق');","TRUE"
"src/app/services/auth/registrationCredentialsSecurity.ts","213","smell-tag:xxx","return 'رقم عراقي معتمد فقط بصيغة 07xxxxxxxx (آسيا سيل / زين / كورك)';","TRUE"
"src/app/services/caseShare/caseShareApiService.ts","89","throw-generic","throw new Error('RECIPIENT_NOT_IN_NETWORK');","TRUE"
"src/app/services/caseShare/caseShareApiService.ts","106","throw-generic","throw new Error('CREATE_SHARE_EMPTY');","TRUE"
"src/app/services/caseShare/caseShareApiService.ts","123","throw-generic","if (!res.share) throw new Error('RESPOND_FAILED');","TRUE"
"src/app/services/caseShare/caseShareApiService.ts","134","throw-generic","if (!updated) throw new Error('SHARE_NOT_FOUND');","TRUE"
"src/app/services/caseShare/caseShareApiService.ts","146","throw-generic","throw new Error('END_SESSION_EMPTY');","TRUE"
"src/app/services/caseShare/caseShareCriminalOwnershipApi.ts","11","throw-generic","if (!id) throw new Error('DOSSIER_ID_REQUIRED');","TRUE"
"src/app/services/caseShare/caseShareCriminalOwnershipApi.ts","17","throw-generic","if (!res?.ok) throw new Error('CRIMINAL_OWNERSHIP_REGISTER_FAILED');","TRUE"
"src/app/services/caseShare/caseShareMasking.ts","9","smell-tag:XXX","const HIDDEN_CASE = '[XXXX]';","TRUE"
"src/app/services/caseShare/caseShareRepository.ts","168","throw-generic","throw new Error('RECIPIENT_NOT_IN_NETWORK');","TRUE"
"src/app/services/cloud/lawyerCalendarCloud.ts","151","throw-generic","if (!event.userId) throw new Error('userId مطلوب لحفظ الموعد');","TRUE"
"src/app/services/cloud/lawyerCalendarCloud.ts","182","throw-generic","if (!eventId || !userId) throw new Error('معرف الموعد والمستخدم مطلوب');","TRUE"
"src/app/services/cloud/lawyerCommunityCloud.ts","44","console:warn","console.warn('[LawyerStorage] ┘╪┤┘ ╪ص╪░┘ ┘à┘┘(╪د╪ز) ┘à┘ ╪د┘┘à╪«╪▓┘:'; to","TRUE"
"src/app/services/cloud/lawyerCommunityCloud.ts","519","throw-generic","if (!normalized) throw new Error('╪ذ┘è╪د┘╪د╪ز ╪د┘┘à┘╪┤┘ê╪▒ ╪║┘è╪▒ ╪╡╪د┘╪ص╪ر'","TRUE"
"src/app/services/cloud/lawyerCommunityCloud.ts","660","throw-generic","if (!post) throw new Error('المنشور غير موجود');","TRUE"
"src/app/services/cloud/lawyerCommunityCloud.ts","661","throw-generic","if (post.isLocked === true) throw new Error('النقاش على هذا المنشور مقفل');","TRUE"
"src/app/services/cloud/lawyerCommunityCloud.ts","664","throw-generic","if (!parent) throw new Error('التعليق الأصل غير موجود في هذا المنشور');","TRUE"
"src/app/services/cloud/lawyerCommunityCloud.ts","678","throw-generic","if (!post) throw new Error('╪د┘┘à┘╪┤┘ê╪▒ ╪║┘è╪▒ ┘à┘ê╪ش┘ê╪»');","TRUE"
"src/app/services/cloud/lawyerCommunityCloud.ts","680","throw-generic","if (!comment) throw new Error('╪د┘╪ز╪╣┘┘è┘é ╪║┘è╪▒ ┘à┘ê╪ش┘ê╪»');","TRUE"
"src/app/services/cloud/lawyerCommunityCloud.ts","684","throw-generic","throw new Error('┘┘è╪│ ┘╪»┘è┘â ╪╡┘╪د╪ص┘è╪ر ┘╪ص╪░┘ ┘ç╪░╪د ╪د┘╪ز╪╣┘┘è┘é');","TRUE"
"src/app/services/cloud/lawyerCommunityCloud.ts","702","throw-generic","if (!post) throw new Error('╪د┘┘à┘╪┤┘ê╪▒ ╪║┘è╪▒ ┘à┘ê╪ش┘ê╪»');","TRUE"
"src/app/services/cloud/lawyerCommunityCloud.ts","704","throw-generic","if (!comment) throw new Error('╪د┘╪ز╪╣┘┘è┘é ╪║┘è╪▒ ┘à┘ê╪ش┘ê╪»');","TRUE"
"src/app/services/cloud/lawyerCommunityCloud.ts","709","throw-generic","if (trimmed.length < 2) throw new Error('┘╪╡ ╪د┘╪ز╪╣┘┘è┘é ┘é╪╡┘è╪▒ ╪ش╪»╪د┘ï')","TRUE"
"src/app/services/cloud/lawyerCommunityCloud.ts","728","throw-generic","throw new Error('┘┘è╪│ ┘╪»┘è┘â ╪╡┘╪د╪ص┘è╪ر ┘╪ص╪░┘ ┘ç╪░╪د ╪د┘┘à┘╪┤┘ê╪▒');","TRUE"
"src/app/services/cloud/lawyerCommunityCloud.ts","735","throw-generic","if (!post) throw new Error('╪د┘┘à┘╪┤┘ê╪▒ ╪║┘è╪▒ ┘à┘ê╪ش┘ê╪»');","TRUE"
"src/app/services/cloud/lawyerCommunityCloud.ts","757","throw-generic","if (!post) throw new Error('╪د┘┘à┘╪┤┘ê╪▒ ╪║┘è╪▒ ┘à┘ê╪ش┘ê╪»');","TRUE"
"src/app/services/cloud/lawyerCommunityCloud.ts","761","throw-generic","throw new Error('┘┘è╪│ ┘╪»┘è┘â ╪╡┘╪د╪ص┘è╪ر ┘┘é┘┘ ╪د┘┘┘é╪د╪┤');","TRUE"
"src/app/services/cloud/lawyerCommunityCloud.ts","781","throw-generic","throw new Error('┘┘è╪│ ┘╪»┘è┘â ╪╡┘╪د╪ص┘è╪ر ╪ز╪س╪ذ┘è╪ز ╪د┘┘à┘╪┤┘ê╪▒╪د╪ز');","TRUE"
"src/app/services/cloud/lawyerCommunityCloud.ts","784","throw-generic","if (!post) throw new Error('╪د┘┘à┘╪┤┘ê╪▒ ╪║┘è╪▒ ┘à┘ê╪ش┘ê╪»');","TRUE"
"src/app/services/cloud/lawyerProfileCloud.ts","284","throw-generic","throw new Error('profile-persist-failed');","TRUE"
"src/app/services/cloud/lawyerRepositoryCloud.ts","253","throw-generic","if (!normalized) throw new Error('بيانات المستند غير صالحة');","TRUE"
"src/app/services/cloud/lawyerTransactionsCloud.ts","148","throw-generic","throw new Error('userId و id مطلوبان');","TRUE"
"src/app/services/CryptoService.ts","8","console:warn","if (__DEV__) console.warn(...a);","TRUE"
"src/app/services/CryptoService.ts","11","console:error","if (__DEV__) console.error(...a);","TRUE"
"src/app/services/CryptoService.ts","453","throw-generic","throw new Error('CryptoService failed to adopt master key');","TRUE"
"src/app/services/CryptoService.ts","865","throw-generic","throw new Error('CryptoService not initialized. Call initialize() first.');","TRUE"
"src/app/services/CryptoService.ts","879","throw-generic","throw new Error('CryptoService not initialized. Call initialize() first.');","TRUE"
"src/app/services/CryptoService.ts","910","throw-generic","throw new Error('CryptoService not initialized. Call initialize() first.');","TRUE"
"src/app/services/CryptoService.ts","915","throw-generic","if (!ivB64 || !cipherB64) throw new Error('[CryptoService] Tampered data: invali","TRUE"
"src/app/services/forum/forumApi/forumApiComments.ts","36","throw-generic","if (!res.post) throw new Error('استجابة غير صالحة');","TRUE"
"src/app/services/forum/forumApi/forumApiComments.ts","57","throw-generic","if (!userId) throw new Error('يجب تسجيل الدخول');","TRUE"
"src/app/services/forum/forumApi/forumApiComments.ts","66","throw-generic","if (!res.post) throw new Error('استجابة غير صالحة');","TRUE"
"src/app/services/forum/forumApi/forumApiComments.ts","81","throw-generic","if (!userId) throw new Error('يجب تسجيل الدخول');","TRUE"
"src/app/services/forum/forumApi/forumApiComments.ts","91","throw-generic","if (!res.post) throw new Error('استجابة غير صالحة');","TRUE"
"src/app/services/forum/forumApi/forumApiGroups.ts","53","throw-generic","if (!creatorId) throw new Error('يجب تسجيل الدخول');","TRUE"
"src/app/services/forum/forumApi/forumApiGroups.ts","59","throw-generic","if (!res.group) throw new Error('استجابة غير صالحة');","TRUE"
"src/app/services/forum/forumApi/forumApiGroups.ts","64","throw-generic","if (!creatorId) throw new Error('يجب تسجيل الدخول');","TRUE"
"src/app/services/forum/forumApi/forumApiGroups.ts","76","throw-generic","if (!lawyerId) throw new Error('يجب تسجيل الدخول');","TRUE"
"src/app/services/forum/forumApi/forumApiGroups.ts","79","throw-generic","if (!group) throw new Error('المجموعة غير موجودة');","TRUE"
"src/app/services/forum/forumApi/forumApiGroups.ts","87","throw-generic","if (!res.group) throw new Error('استجابة غير صالحة');","TRUE"
"src/app/services/forum/forumApi/forumApiGroups.ts","92","throw-generic","if (!lawyerId) throw new Error('يجب تسجيل الدخول');","TRUE"
"src/app/services/forum/forumApi/forumApiGroups.ts","95","throw-generic","if (!group) throw new Error('المجموعة غير موجودة');","TRUE"
"src/app/services/forum/forumApi/forumApiGroups.ts","104","throw-generic","if (!lawyerId) throw new Error('يجب تسجيل الدخول');","TRUE"
"src/app/services/forum/forumApi/forumApiGroups.ts","114","throw-generic","if (!lawyerId) throw new Error('يجب تسجيل الدخول');","TRUE"
"src/app/services/forum/forumApi/forumApiPosts.ts","79","throw-generic","if (!userId) throw new Error('يجب تسجيل الدخول');","TRUE"
"src/app/services/forum/forumApi/forumApiPosts.ts","90","throw-generic","throw new Error('ليس لديك صلاحية لحذف هذا المنشور');","TRUE"
"src/app/services/forum/forumApi/forumApiPosts.ts","106","throw-generic","if (!res.post) throw new Error('المنشور غير موجود بعد التثبيت');","TRUE"
"src/app/services/forum/forumApi/forumApiPosts.ts","135","throw-generic","if (!userId) throw new Error('يجب تسجيل الدخول');","TRUE"
"src/app/services/forum/forumApi/forumApiPosts.ts","206","throw-generic","if (!userId) throw new Error('يجب تسجيل الدخول');","TRUE"
"src/app/services/forum/forumApi/forumApiPosts.ts","225","throw-generic","if (!userId) throw new Error('يجب تسجيل الدخول');","TRUE"
"src/app/services/forum/forumApi/forumApiPosts.ts","268","throw-generic","if (!res.post) throw new Error('تعذّر تحديث حالة القفل');","TRUE"
"src/app/services/forum/forumApi/forumApiPosts.ts","273","throw-generic","throw new Error('ليس لديك صلاحية لقفل النقاش');","TRUE"
"src/app/services/forum/forumApi/forumApiRepository.ts","29","throw-generic","if (!res.document) throw new Error('استجابة غير صالحة');","TRUE"
"src/app/services/forum/forumApi/forumApiRepository.ts","44","throw-generic","if (!res.document) throw new Error('استجابة غير صالحة');","TRUE"
"src/app/services/forum/forumApi/forumApiSocial.ts","62","throw-generic","if (!userId) throw new Error('يجب تسجيل الدخول');","TRUE"
"src/app/services/forum/forumApi/forumApiSocial.ts","63","throw-generic","if (userId === followingId) throw new Error('لا يمكنك متابعة نفسك');","TRUE"
"src/app/services/forum/forumApi/forumApiSocial.ts","84","throw-generic","if (!userId) throw new Error('يجب تسجيل الدخول');","TRUE"
"src/app/services/forum/forumApi/forumApiSocial.ts","104","throw-generic","if (!userId) throw new Error('يجب تسجيل الدخول');","TRUE"
"src/app/services/forum/forumApi/forumApiSocial.ts","182","throw-generic","if (!userId) throw new Error('يجب تسجيل الدخول');","TRUE"
"src/app/services/forum/forumBffAccessPolicy.ts","32","throw-generic","throw new Error('يجب الانضمام للمجموعة قبل النشر فيها');","TRUE"
"src/app/services/forum/forumCommentAccess.ts","32","throw-generic","throw new Error('التعليق غير موجود');","TRUE"
"src/app/services/forum/forumCommentAccess.ts","37","throw-generic","throw new Error('المنشور غير موجود');","TRUE"
"src/app/services/forum/forumCommentAddGuard.ts","7","throw-generic","throw new Error('النقاش على هذا المنشور مقفل');","TRUE"
"src/app/services/forum/forumCommentAddGuard.ts","20","throw-generic","throw new Error('التعليق الأصل غير موجود في هذا المنشور');","TRUE"
"src/app/services/forum/forumCommentAddGuard.ts","32","throw-generic","throw new Error('تجاوزت حد تداخل الردود');","TRUE"
"src/app/services/forum/forumFollowRepository.ts","60","throw-generic","throw new Error('لا يمكنك متابعة نفسك');","TRUE"
"src/app/services/forum/forumFollowRepository.ts","160","throw-generic","if (!row) throw new Error('لم تعد تتابع هذا المحامي');","TRUE"
"src/app/services/forum/forumGroupMutationGate.ts","17","throw-generic","throw new Error('يجب الانضمام للمجموعة قبل التفاعل مع منشوراتها');","TRUE"
"src/app/services/forum/forumGroupRepository.ts","123","throw-generic","if (!group) throw new Error('تعذّر إنشاء المجموعة');","TRUE"
"src/app/services/forum/forumOfficialStats.ts","33","throw-generic","if (error) throw new Error('forum stats count failed');","TRUE"
"src/app/services/forum/forumPostCreateGuard.ts","21","throw-generic","throw new Error('يجب رفع المرفق إلى الخادم قبل النشر');","TRUE"
"src/app/services/forum/forumPostPersistActions.ts","24","throw-generic","throw new Error('no-attachment');","TRUE"
"src/app/services/forum/forumPostPersistActions.ts","41","throw-generic","throw new Error('fetch-failed');","TRUE"
"src/app/services/forum/forumRepository.ts","80","throw-generic","if (existing) throw new Error('معرّف المنشور مستخدم مسبقاً');","TRUE"
"src/app/services/forum/forumRepository.ts","88","throw-generic","if (error.code === '23505') throw new Error('معرّف المنشور مستخدم مسبقاً');","TRUE"
"src/app/services/forum/forumRepository.ts","129","throw-generic","if (!post) throw new Error('المنشور غير موجود');","TRUE"
"src/app/services/forum/forumRepository.ts","131","throw-generic","throw new Error('ليس لديك صلاحية لتعديل هذا المنشور');","TRUE"
"src/app/services/forum/forumRepository.ts","142","throw-generic","if (!post) throw new Error('المنشور غير موجود');","TRUE"
"src/app/services/forum/forumRepository.ts","157","throw-generic","if (!post) throw new Error('المنشور غير موجود');","TRUE"
"src/app/services/forum/forumRepository.ts","159","throw-generic","throw new Error('ليس لديك صلاحية لحذف هذا المنشور');","TRUE"
"src/app/services/forum/forumRepository.ts","171","throw-generic","if (!post) throw new Error('المنشور غير موجود');","TRUE"
"src/app/services/forum/forumRepository.ts","173","throw-generic","throw new Error('ليس لديك صلاحية لقفل النقاش');","TRUE"
"src/app/services/forum/forumRepositoryComments.ts","19","throw-generic","if (!existingPost) throw new Error('المنشور غير موجود');","TRUE"
"src/app/services/forum/forumRepositoryComments.ts","27","throw-generic","if (!post) throw new Error('المنشور غير موجود');","TRUE"
"src/app/services/forum/forumRepositoryComments.ts","52","throw-generic","if (!post) throw new Error('المنشور غير موجود');","TRUE"
"src/app/services/forum/forumRepositoryComments.ts","73","throw-generic","if (!post) throw new Error('المنشور غير موجود');","TRUE"
"src/app/services/forum/forumRepositoryComments.ts","75","throw-generic","if (!comment) throw new Error('التعليق غير موجود');","TRUE"
"src/app/services/forum/forumRepositoryComments.ts","79","throw-generic","throw new Error('ليس لديك صلاحية لحذف هذا التعليق');","TRUE"
"src/app/services/forum/forumRepositoryComments.ts","107","throw-generic","if (!refreshed) throw new Error('المنشور غير موجود');","TRUE"
"src/app/services/forum/forumRepositoryComments.ts","118","throw-generic","if (!post) throw new Error('المنشور غير موجود');","TRUE"
"src/app/services/forum/forumRepositoryComments.ts","120","throw-generic","if (!comment) throw new Error('التعليق غير موجود');","TRUE"
"src/app/services/forum/forumRepositoryComments.ts","122","throw-generic","throw new Error('ليس لديك صلاحية لتعديل هذا التعليق');","TRUE"
"src/app/services/forum/forumRepositoryComments.ts","125","throw-generic","throw new Error('لا يمكن تعديل تعليق مميّز كأفضل إجابة');","TRUE"
"src/app/services/forum/forumRepositoryComments.ts","128","throw-generic","if (trimmed.length < 2) throw new Error('نص التعليق قصير جداً');","TRUE"
"src/app/services/forum/forumRepositoryComments.ts","129","throw-generic","if (trimmed.length > 5_000) throw new Error('نص التعليق طويل جداً');","TRUE"
"src/app/services/forum/forumRepositoryComments.ts","143","throw-generic","if (!refreshed) throw new Error('المنشور غير موجود');","TRUE"
"src/app/services/forum/forumRepositoryDocs.ts","23","smell-tag:ToDo","rowToDocument;","TRUE"
"src/app/services/forum/forumRepositoryDocs.ts","43","smell-tag:ToDo",".map(rowToDocument)","TRUE"
"src/app/services/forum/forumRepositoryDocs.ts","103","smell-tag:ToDo",".map(rowToDocument)","TRUE"
"src/app/services/forum/forumRepositoryDocs.ts","111","throw-generic","if (!admin) throw new Error('تعذّر حفظ المستند في الفهرس');","TRUE"
"src/app/services/forum/forumRepositoryDocs.ts","133","smell-tag:ToDo","if (data) return rowToDocument(data as ForumRepositoryDocRow);","TRUE"
"src/app/services/forum/forumRepositoryDocs.ts","135","throw-generic","if (isMissingTableError(error.message)) throw new Error('فهرس المستودع غير جاهز ","TRUE"
"src/app/services/forum/forumRepositoryDocs.ts","136","throw-generic","throw new Error('تعذّر حفظ المستند في الفهرس');","TRUE"
"src/app/services/forum/forumRepositoryDocs.ts","148","throw-generic","if (!admin) throw new Error('تعذّر تحديث المستند في الفهرس');","TRUE"
"src/app/services/forum/forumRepositoryDocs.ts","153","throw-generic","if (isMissingTableError(error.message)) throw new Error('فهرس المستودع غير جاهز ","TRUE"
"src/app/services/forum/forumRepositoryDocs.ts","154","throw-generic","throw new Error('تعذّر تحديث المستند في الفهرس');","TRUE"
"src/app/services/forum/forumRepositoryDocs.ts","157","throw-generic","if (rows.length === 0) throw new Error('المستند غير موجود أو لا يخصّك');","TRUE"
"src/app/services/forum/forumRepositoryDocs.ts","158","smell-tag:ToDo","return rowToDocument(rows[0]!);","TRUE"
"src/app/services/forum/forumRepositoryDocsDelete.ts","11","throw-generic","if (!admin) throw new Error('تعذّر حذف المستند من الفهرس');","TRUE"
"src/app/services/forum/forumRepositoryDocsDelete.ts","19","throw-generic","throw new Error('تعذّر حذف المستند من الفهرس');","TRUE"
"src/app/services/forum/forumRepositoryDocsDelete.ts","21","throw-generic","if (!existing) throw new Error('المستند غير موجود أو لا يخصّك');","TRUE"
"src/app/services/forum/forumRepositoryDocsDelete.ts","24","throw-generic","throw new Error('المستند غير موجود أو لا يخصّك');","TRUE"
"src/app/services/forum/forumRepositoryDocsDelete.ts","29","throw-generic","throw new Error('تعذّر حذف المستند من الفهرس');","TRUE"
"src/app/services/forum/forumRepositoryDocsMap.ts","41","smell-tag:ToDo","export function rowToDocument(row: ForumRepositoryDocRow): RepositoryDocument {","TRUE"
"src/app/services/forum/forumRepositoryDocsSanitize.ts","25","throw-generic","throw new Error('يجب رفع الملف إلى الخادم قبل النشر');","TRUE"
"src/app/services/forum/forumRepositoryDocsSanitize.ts","28","throw-generic","throw new Error('مسار الملف لا يخص الناشر');","TRUE"
"src/app/services/forum/forumRepositoryDocsSanitize.ts","51","throw-generic","throw new Error('العنوان والوصف مطلوبان');","TRUE"
"src/app/services/forum/forumRepositoryDocsSanitize.ts","58","throw-generic","throw new Error('نوع المستند غير صالح');","TRUE"
"src/app/services/forum/forumRepositoryDocsSanitize.ts","71","throw-generic","if (!fileName) throw new Error('اسم الملف مطلوب');","TRUE"
"src/app/services/forum/forumRepositoryModeration.ts","215","throw-generic","if (!comment) throw new Error('التعليق غير موجود');","TRUE"
"src/app/services/forum/forumRepositoryModeration.ts","217","throw-generic","throw new Error('لا يمكنك التصويت على تعليقك');","TRUE"
"src/app/services/forumApiService.ts","93","throw-generic","if (!res.ok) throw new Error('تعذّر جلب المنشورات');","TRUE"
"src/app/services/forumApiService.ts","151","throw-generic","if (!res.post) throw new Error('استجابة غير صالحة');","TRUE"
"src/app/services/forumAttachmentService.ts","126","throw-generic","throw new Error('forum-attachment-idb-failed');","TRUE"
"src/app/services/forumAttachmentService.ts","211","throw-generic","throw new Error('forum-attachment-missing-bytes');","TRUE"
"src/app/services/forumBlobStore.ts","63","throw-generic","if (!db) throw new Error('forum blob store unavailable');","TRUE"
"src/app/services/InputSanitizerService.ts","126","smell-tag:XXX","// أرقام عراقية: 07XX XXXXXXX","TRUE"
"src/app/services/lawyer-cloud.ts","94","throw-generic","if (!doc) throw new Error('المستند غير موجود');","TRUE"
"src/app/services/lawyer-cloud.ts","100","throw-generic","throw new Error('ليس لديك صلاحية لحذف هذا المستند');","TRUE"
"src/app/services/lawyer-cloud.ts","114","throw-generic","if (!existing) throw new Error('المستند غير موجود');","TRUE"
"src/app/services/lawyer-cloud.ts","120","throw-generic","throw new Error('ليس لديك صلاحية لتعديل هذا المستند');","TRUE"
"src/app/services/notifications/fcm/fcmTokenStore.server.ts","26","throw-generic","if (!kv) throw new Error('KV admin unavailable');","TRUE"
"src/app/services/notifications/inbox/notificationServerKvIo.ts","22","throw-generic","if (!kv) throw new Error('KV admin unavailable');","TRUE"
"src/app/services/notifications/inbox/notificationServerKvIo.ts","28","throw-generic","if (!kv) throw new Error('KV admin unavailable');","TRUE"
"src/app/services/notifications/inbox/notificationServerKvIo.ts","34","throw-generic","if (!kv) throw new Error('KV admin unavailable');","TRUE"
"src/app/services/notifications/inbox/notificationServerKvIo.ts","40","throw-generic","if (!kv) throw new Error('KV admin unavailable');","TRUE"
"src/app/services/notifications/notificationProductionReadiness.ts","25","console:warn","console.warn(","TRUE"
"src/app/services/plaintextFallbackSignal.ts","25","console:warn","console.warn(","TRUE"
"src/app/services/profile/buildProfileEditPersistPayload.ts","32","throw-generic","throw new Error('profile-edit-name-required');","TRUE"
"src/app/services/profile/profileContactNavigation.ts","189","smell-tag:XXX","return '07XXXXXXXX';","TRUE"
"src/app/services/profile/profileImageEditor.ts","91","throw-generic","if (!ctx) throw new Error('canvas unavailable');","TRUE"
"src/app/services/profile/profileImageEditor.ts","134","throw-generic","if (!ctx) throw new Error('canvas unavailable');","TRUE"
"src/app/services/profile/profileImageEditor.ts","145","throw-generic","if (!blob) throw new Error('export failed');","TRUE"
"src/app/services/profileMediaCompress.ts","64","throw-generic","if (!sourceWidth || !sourceHeight || !drawSource!) throw new Error('invalid dime","TRUE"
"src/app/services/profileMediaCompress.ts","76","throw-generic","if (!ctx) throw new Error('canvas unavailable');","TRUE"
"src/app/services/profileMediaCompress.ts","87","throw-generic","throw new Error('image too large');","TRUE"
"src/app/services/profileMediaCompress.ts","90","throw-generic","throw new Error('image too large');","TRUE"
"src/app/services/profileMediaService.ts","45","throw-generic","throw new Error('نوع الملف غير مدعوم');","TRUE"
"src/app/services/profileMediaService.ts","48","throw-generic","throw new Error('image too large');","TRUE"
"src/app/services/profileMediaService.ts","67","throw-generic","if (!safe) throw new Error('image too large');","TRUE"
"src/app/services/profileMediaService.ts","74","throw-generic","if (!safe) throw new Error('image too large');","TRUE"
"src/app/services/pushSubscriptionStore.ts","10","throw-generic","if (!isKvProxyNetworkEnabled()) throw new Error('kv_local_only');","TRUE"
"src/app/services/pushSubscriptionStore.ts","12","throw-generic","if (!token) throw new Error('kv_local_only');","TRUE"
"src/app/services/RealtimeService.ts","15","console:log","*     console.log('تحديث جديد:'; payload);","TRUE"
"src/app/services/repository/repositoryDossierNoteSync.ts","173","smell-tag:ToDo","export function globalNoteToDossierPayload(note: GlobalNote): {","TRUE"
"src/app/services/repository/repositoryDossierNoteSync.ts","190","smell-tag:ToDo","export function vaultDocToDossierPayload(doc: {","TRUE"
"src/app/services/RequestSigningService.ts","40","throw-generic","throw new Error('WIFE signing requires an authenticated user token.');","TRUE"
"src/app/services/SecureAPIClient.ts","289","throw-generic","throw new Error('انتهت مهلة الاتصال بالخادم. حاول مرة أخرى.');","TRUE"
"src/app/services/SecureStoreService.ts","394","throw-generic","throw new Error('crypto-not-ready');","TRUE"
"src/app/services/SecureStoreService.ts","398","throw-generic","throw new Error('crypto-roundtrip-mismatch');","TRUE"
"src/app/services/SecureStoreService.ts","419","throw-generic","throw new Error('crypto-frozen-without-key');","TRUE"
"src/app/services/SecureStoreService.ts","436","throw-generic","throw new Error('crypto-frozen-without-key');","TRUE"
"src/app/services/settings/applicationWipe.ts","56","throw-generic","throw new Error('[settings_wipe:cloud_incomplete] cloud_wipe_incomplete');","TRUE"
"src/app/services/settings/applicationWipe.ts","244","throw-generic","throw new Error('[settings_wipe:bff_logout_failed] bff_logout_failed');","TRUE"
"src/app/services/settings/apply.ts","185","smell-tag:ToDo","export function applyHighContrastToDom(highContrast: boolean): void {","TRUE"
"src/app/services/settings/apply.ts","193","smell-tag:ToDo","export function applyFontSizeToDom(fontSize: number): void {","TRUE"
"src/app/services/settings/apply.ts","210","smell-tag:ToDo","export function applyReduceMotionToDom(reduceMotion: boolean; enableAnimations: ","TRUE"
"src/app/services/settings/apply.ts","224","smell-tag:ToDo","/** يُستدعى بعد تطبيق DOM خفيف من الإعدادات — يمنع إعادة applySettingsToDom الكا","TRUE"
"src/app/services/settings/apply.ts","241","smell-tag:ToDo","export function applyAppearanceThemeToDom(settings: AppSettingsState): void {","TRUE"
"src/app/services/settings/apply.ts","278","smell-tag:ToDo","export function applyGlassSurfaceAppearanceToDom(settings: AppSettingsState): vo","TRUE"
"src/app/services/settings/apply.ts","302","smell-tag:ToDo","export function applyHomeLayoutOverridesToDom(settings: AppSettingsState): void ","TRUE"
"src/app/services/settings/apply.ts","306","smell-tag:ToDo","export function applySettingsToDom(settings: AppSettingsState) {","TRUE"
"src/app/services/settings/apply.ts","310","smell-tag:ToDo","applyGlassSurfaceAppearanceToDom(settings);","TRUE"
"src/app/services/settings/apply.ts","319","smell-tag:ToDo","applyAppearanceThemeToDom(settings);","TRUE"
"src/app/services/settings/apply.ts","344","smell-tag:ToDo","applyHighContrastToDom(appearance.highContrast);","TRUE"
"src/app/services/settings/applyLawyerSettingsFactoryReset.ts","3","smell-tag:ToDo","applyHomeLayoutOverridesToDom;","TRUE"
"src/app/services/settings/applyLawyerSettingsFactoryReset.ts","4","smell-tag:ToDo","applySettingsToDom;","TRUE"
"src/app/services/settings/applyLawyerSettingsFactoryReset.ts","35","smell-tag:ToDo","applySettingsToDom(next);","TRUE"
"src/app/services/settings/applyLawyerSettingsFactoryReset.ts","36","smell-tag:ToDo","applyHomeLayoutOverridesToDom(next);","TRUE"
"src/app/services/settings/businessBackupBuild.ts","226","throw-generic","throw new Error('عدد ملفات المخزن المحلي يتجاوز حد النسخة الآمن');","TRUE"
"src/app/services/settings/businessBackupBuild.ts","237","throw-generic","throw new Error('ملفات المخزن المحلي تتجاوز حد النسخة الآمن للهاتف');","TRUE"
"src/app/services/settings/businessBackupBuild.ts","248","throw-generic","if (!parsedPath) throw new Error('مسار ملف محلي غير صالح في المخزن الذكي');","TRUE"
"src/app/services/settings/businessBackupBuild.ts","254","throw-generic","throw new Error('ملفات المخزن المحلي تتجاوز حد النسخة الآمن للهاتف');","TRUE"
"src/app/services/settings/businessBackupBuild.ts","305","throw-generic","throw new Error('حجم النسخة يتجاوز الحد الآمن للأجهزة المحمولة');","TRUE"
"src/app/services/settings/businessBackupCrypto.ts","77","throw-generic","if (!saltB64 || !ivB64 || !cipherB64) throw new Error('[backup_crypto:missing_fi","TRUE"
"src/app/services/settings/businessBackupCrypto.ts","90","throw-generic","throw new Error('[backup_crypto:kdf_unsupported] unsupported backup KDF');","TRUE"
"src/app/services/settings/businessBackupImport.ts","48","throw-generic","throw new Error('[backup_import:vault_checksum] vault blob checksum mismatch');","TRUE"
"src/app/services/settings/businessBackupImport.ts","186","throw-generic","throw new Error('[backup_import:envelope_invalid] invalid backup');","TRUE"
"src/app/services/settings/intentWarmGate.ts","3","smell-tag:ToDo","* يفترض أن applySettingsToDom (أو hami-boot) ضبط data-hami-lite / data-hami-pref","TRUE"
"src/app/services/settings/verifySensitiveSettingsAction.ts","19","throw-generic","throw new Error('[sensitive_gate:csprng_unavailable] csprng_unavailable');","TRUE"
"src/app/services/settings/wallpaperEditorRender.ts","80","throw-generic","if (!ctx) throw new Error('[wallpaper_render:canvas_unavailable] canvas unavaila","TRUE"
"src/app/services/settings/wallpaperEditorRender.ts","109","throw-generic","if (!best) throw new Error('[wallpaper_render:export_failed] canvas export faile","TRUE"
"src/app/services/settings/wallpaperEditorRender.ts","128","throw-generic","throw new Error('[wallpaper_render:image_too_large] image too large');","TRUE"
"src/app/services/storage/lawyerStorageRuntime.ts","19","throw-generic","throw new Error('Unauthorized upload: session user mismatch');","TRUE"
"src/app/services/storage/lawyerStorageRuntime.ts","22","throw-generic","throw new Error('work_cloud_upload_disabled');","TRUE"
"src/app/services/storage/lawyerStorageRuntime.ts","63","throw-generic","throw new Error('Upload response missing path');","TRUE"
"src/app/services/storage/removeRemoteStoragePaths.ts","25","console:warn","console.warn('[LawyerStorage] فشل حذف ملف(ات) من المخزن:'; toRemove.join('; '));","TRUE"
"src/app/services/SupabaseService.ts","168","throw-generic","throw new Error('execution_file_id_missing');","TRUE"
"src/app/services/SupabaseService.ts","275","throw-generic","throw new Error('lawsuit_file_id_missing');","TRUE"
"src/app/services/taskHelp/taskHelpApiService.ts","77","throw-generic","if (!inNetwork) throw new Error('RECIPIENT_NOT_IN_NETWORK');","TRUE"
"src/app/services/taskHelp/taskHelpApiService.ts","104","throw-generic","throw new Error('ACCEPT_FAILED');","TRUE"
"src/app/services/taskHelp/taskHelpApiService.ts","136","throw-generic","if (!updated) throw new Error('NOTE_FAILED');","TRUE"
"src/app/services/taskHelp/taskHelpScenarios.ts","66","throw-generic","if (!ownerNote || !helperNote) throw new Error('party notes should succeed');","TRUE"
"src/app/services/vault/smartVaultRuntime.ts","100","console:error","console.error('[Vault] saveDoc background flush failed'; err);","TRUE"
"src/app/services/vault/smartVaultRuntime.ts","103","console:error","console.error('[Vault] saveDoc degraded persist - keeping in-memory index'; err)","TRUE"
"src/app/services/vault/smartVaultRuntime.ts","114","throw-generic","if (!authorId || !docId) throw new Error('معرف الملف والمستخدم مطلوب');","TRUE"
"src/app/services/vault/smartVaultRuntime.ts","147","smell-tag:ToDo","async bindToDossier(docId: string; authorId: string; dossierId: string): Promise","TRUE"
"src/app/services/vault/smartVaultRuntime.ts","148","throw-generic","if (!docId || !authorId || !dossierId) throw new Error('جميع الحقول مطلوبة');","TRUE"
"src/app/services/vault/smartVaultRuntime.ts","162","throw-generic","if (!doc) throw new Error('الملف غير موجود');","TRUE"
"src/app/services/vault/smartVaultRuntime.ts","163","throw-generic","if (doc.authorId !== authorId) throw new Error('غير مصرح بربط هذا الملف');","TRUE"
"src/app/services/vault/vaultDocResolve.ts","228","throw-generic","throw new Error('unsafe vault preview url');","TRUE"
"src/app/services/vault/vaultDocResolve.ts","264","throw-generic","if (!blob) throw new Error('vault download unavailable');","TRUE"
"src/app/services/vault/vaultOwnership.ts","5","throw-generic","throw new Error('مطلوب تسجيل الدخول لإجراءاء عملية المخزن');","TRUE"
"src/app/services/vault/vaultOwnership.ts","16","throw-generic","throw new Error('authorId مطلوب لحفظ الملف');","TRUE"
"src/app/services/vault/vaultOwnership.ts","19","throw-generic","throw new Error('غير مصرح بالوصول إلى ملف مستخدم آخر');","TRUE"
"src/app/services/vault/vaultOwnership.ts","38","throw-generic","throw new Error('غير مصرح بالوصول إلى مسار تخزين مستخدم آخر');","TRUE"
"src/app/services/vault/vaultOwnership.ts","50","throw-generic","throw new Error('غير مصرح بالوصول إلى مسار تخزين مستخدم آخر');","TRUE"
"src/app/services/vault/vaultOwnership.ts","58","throw-generic","throw new Error('مسار تخزين غير صالح');","TRUE"
"src/app/services/vault/vaultOwnership.ts","61","throw-generic","throw new Error('غير مصرح بالوصول إلى مسار تخزين مستخدم آخر');","TRUE"
"src/app/services/vaultBlobStore.ts","426","throw-generic","if (!db) throw new Error('vault blob database unavailable');","TRUE"
"src/app/services/vaultBlobStore.ts","554","throw-generic","if (!db) throw new Error('vault blob database unavailable');","TRUE"
"src/app/services/vaultBlobStore.ts","591","throw-generic","if (!db) throw new Error('vault blob database unavailable');","TRUE"
"src/app/services/vaultUploadService.ts","47","throw-generic","throw new Error('نوع الملف غير مدعوم');","TRUE"
"src/app/services/vaultUploadService.ts","85","console:error","console.error('[Vault] background blob persist failed'; err; fileLabel);","TRUE"
"src/app/services/vaultUploadService.ts","123","throw-generic","throw new Error('file too large');","TRUE"
"src/app/services/vaultUploadService.ts","148","throw-generic","if (!userId.trim()) throw new Error('user required');","TRUE"
"src/app/services/vaultUploadService.ts","149","throw-generic","if (file.size > VAULT_MAX_FILE_SIZE) throw new Error('file too large');","TRUE"
"src/app/services/vaultUploadService.ts","151","throw-generic","throw new Error('نوع الملف غير مدعوم');","TRUE"
"src/app/services/vaultUploadService.ts","201","throw-generic","if (image.size > VAULT_MAX_FILE_SIZE) throw new Error('file too large');","TRUE"
"src/app/services/vaultUploadService.ts","203","throw-generic","throw new Error('invalid scan source');","TRUE"
"src/app/services/vaultUploadService.ts","209","throw-generic","if (!sanitizeVaultPreviewUrl(source)) throw new Error('invalid data url');","TRUE"
"src/app/services/vaultUploadService.ts","211","throw-generic","if (comma < 0) throw new Error('invalid data url');","TRUE"
"src/app/services/vaultUploadService.ts","215","throw-generic","if (!isAllowedVaultImageMeta(mime; 'scan.jpg')) throw new Error('invalid data ur","TRUE"
"src/app/services/vaultUploadService.ts","217","throw-generic","if (binary.length > VAULT_MAX_FILE_SIZE) throw new Error('file too large');","TRUE"
"src/app/services/vaultUploadService.ts","222","throw-generic","throw new Error('invalid scan source');","TRUE"
"src/app/services/vaultUploadService.ts","236","throw-generic","if (!userId.trim()) throw new Error('user required');","TRUE"
"src/app/services/vaultUploadService.ts","237","throw-generic","if (file.size > VAULT_MAX_FILE_SIZE) throw new Error('file too large');","TRUE"
"src/app/services/vaultUploadService.ts","238","throw-generic","if (!isVaultImageFile(file)) throw new Error('نوع الملف غير مدعوم');","TRUE"
"src/app/services/voice/voiceRecordingLimits.ts","51","throw-generic","throw new Error('VOICE_TOO_LARGE');","TRUE"
"src/app/utils/bffAuthClient.ts","2","smell-tag:ToDo","import { applyCsrfTokenToDocument; setCsrfSessionTokenFromServer } from '@/app/s","TRUE"
"src/app/utils/bffAuthClient.ts","115","throw-generic","if (response.status >= 500) throw new Error('Auth service unavailable');","TRUE"
"src/app/utils/bffAuthClient.ts","116","throw-generic","throw new Error('فشل تسجيل الدخول');","TRUE"
"src/app/utils/bffAuthClient.ts","363","smell-tag:ToDo","applyCsrfTokenToDocument(res.csrfToken);","TRUE"
"src/app/utils/bffWifeSign.ts","83","throw-generic","throw new Error('تم تجاوز حد الطلبات. انتظر قليلاً ثم أعد المحاولة.');","TRUE"
"src/app/utils/civilLawRemoteCache.ts","179","throw-generic","throw new Error('تعذر تحميل المواد القانونية من الخادم أو من ملفات المشروع.');","TRUE"
"src/app/utils/consoleHygiene.ts","119","console:warn","const nativeWarn = console.warn.bind(console);","TRUE"
"src/app/utils/consoleHygiene.ts","120","console:log","const nativeLog = console.log.bind(console);","TRUE"
"src/app/utils/consoleHygiene.ts","134","console:warn","console.warn = (...args: unknown[]) => {","TRUE"
"src/app/utils/consoleHygiene.ts","140","console:log","console.log = (...args: unknown[]) => {","TRUE"
"src/app/utils/debug.ts","23","console:log","console.log(...args);","TRUE"
"src/app/utils/debug.ts","29","console:warn","console.warn(...args);","TRUE"
"src/app/utils/debug.ts","36","console:log","console.log(...args);","TRUE"
"src/app/utils/debug.ts","40","console:error","console.error(...args);","TRUE"
"src/app/utils/decisionsModalScroll.ts","2","smell-tag:ToDo","export function scrollToDomIdWhenReady(","TRUE"
"src/app/utils/errorHandler.ts","48","console:error","console.error(`❌ ${errorMessage}:`; err);","TRUE"
"src/app/utils/errorHandler.ts","50","console:error","console.error('❌ خطأ:'; err);","TRUE"
"src/app/utils/errorHandler.ts","69","console:error","console.error(`❌ ${errorMessage}:`; err);","TRUE"
"src/app/utils/errorHandler.ts","71","console:error","console.error('❌ خطأ:'; err);","TRUE"
"src/app/utils/errorHandler.ts","169","console:error","console.error('❌ [LocalStorage] الذاكرة ممتلئة - يرجى مسح بعض البيانات');","TRUE"
"src/app/utils/errorHandler.ts","183","console:error","console.error('❌ [LocalStorage] فشلت إعادة المحاولة:'; retryError);","TRUE"
"src/app/utils/errorLog.ts","4","console:error","console.error(`❌ [${context}]`; error);","TRUE"
"src/app/utils/errorLog.ts","6","console:error","console.error('التفاصيل:'; details);","TRUE"
"src/app/utils/errorLog.ts","16","console:error","console.error(`❌ [${context}]`; {","TRUE"
"src/app/utils/executorApprovalWorkflow.ts","3","smell-tag:TODO","* يُستدعى من الواجهة بعد التحديث التفاؤلي للقرار؛ النداءات للخادم تُعلَّق بـ TOD","TRUE"
"src/app/utils/executorApprovalWorkflow.ts","127","smell-tag:TODO","* TODO: من هنا تُستدعى واجهات REST/Supabase (مثلاً POST /cases/:id/appointments)","TRUE"
"src/app/utils/logger.ts","23","console:log","console.log(...args);","TRUE"
"src/app/utils/logger.ts","32","console:warn","console.warn(...args);","TRUE"
"src/app/utils/logger.ts","40","console:error","console.error(...args);","TRUE"
"src/app/utils/logger.ts","43","smell-tag:TODO","// TODO: Send to error monitoring service (Sentry; etc.)","TRUE"
"src/app/utils/logger.ts","62","console:log","args.forEach(arg => console.log(arg));","TRUE"
"src/app/utils/logger.ts","73","console:log","console.log(`[${timestamp}] ${message}`; ...args);","TRUE"
"src/app/utils/logger.ts","85","console:log","console.log(`⏱️ ${label}: ${(end - start).toFixed(2)}ms`);","TRUE"
"src/app/utils/logger.ts","96","console:log","console.log(...args);","TRUE"
"src/app/utils/logger.ts","105","console:log","console.log(`%c${message}`; `color: ${color}`; ...args);","TRUE"
"src/app/utils/logger.ts","114","console:log","console.log(`%c✅ ${message}`; 'color: #22c55e'; ...args);","TRUE"
"src/app/utils/logger.ts","123","console:log","console.log(`%cℹ️ ${message}`; 'color: #3b82f6'; ...args);","TRUE"
"src/app/utils/performanceMonitor.ts","37","smell-tag:xMe","private readonly maxMetrics = 1000;","TRUE"
"src/app/utils/performanceMonitor.ts","66","smell-tag:xMe","if (this.metrics.length > this.maxMetrics) {","TRUE"
"src/app/utils/performanceMonitor.ts","67","smell-tag:xMe","this.metrics = this.metrics.slice(-this.maxMetrics);","TRUE"
"src/app/utils/performanceMonitor.ts","164","console:log","console.log('Total Metrics:'; report.metrics.length);","TRUE"
"src/app/utils/performanceMonitor.ts","168","console:log","console.log(`${name}: ${avg.toFixed(2)}ms`);","TRUE"
"src/app/utils/performanceMonitor.ts","175","console:log","console.log(`${i + 1}. ${m.name}: ${m.duration.toFixed(2)}ms`);","TRUE"
"src/app/utils/performanceMonitor.ts","183","console:log","console.log(`${i + 1}. ${m.name}: ${m.duration.toFixed(2)}ms`);","TRUE"
"src/app/utils/production.ts","47","console:log","* تعطيل console.log في الإنتاج","TRUE"
"src/app/utils/production.ts","53","console:log","log: console.log;","TRUE"
"src/app/utils/production.ts","54","console:warn","warn: console.warn;","TRUE"
"src/app/utils/production.ts","59","console:log","// ✅ تعطيل console.log و console.info و console.debug","TRUE"
"src/app/utils/production.ts","60","console:log","console.log = () => {};","TRUE"
"src/app/utils/production.ts","64","console:error","// ✅ الإبقاء على console.error و console.warn للأخطاء الحرجة","TRUE"
"src/app/utils/production.ts","66","console:warn","console.warn = (...args: any[]) => {","TRUE"
"src/app/utils/production.ts","71","console:warn","originalConsole.warn(...sanitized);","TRUE"
"src/app/utils/production.ts","74","console:error","console.error = (...args: any[]) => {","TRUE"
"src/app/utils/production.ts","79","console:warn","originalConsole.warn('Error:'; ...sanitized);","TRUE"
"src/app/utils/production.ts","175","console:error","console.error('[production] client env incomplete:'; apiCheck.missing);","TRUE"
"src/app/utils/production.ts","178","console:warn","apiCheck.warnings.forEach((warning) => console.warn(warning));","TRUE"
"src/app/utils/production.ts","229","console:log","console.log('✅ تم تفعيل وضع Debug');","TRUE"
"src/app/utils/production.ts","232","console:log","console.log('✅ تم تعطيل وضع Debug');","TRUE"
"src/app/utils/production.ts","235","console:error","console.error('فشل تغيير وضع Debug:'; error);","TRUE"
"src/app/utils/storageCache.ts","125","console:error","console.error('[StorageCache] فشل الحفظ في localStorage:'; e);","TRUE"
"src/app/utils/storageCache.ts","144","console:error","console.error('[StorageCache] فشل الحذف من localStorage:'; e);","TRUE"
"src/app/utils/storageCache.ts","195","console:error","console.error('[StorageCache] فشل القراءة من localStorage:'; e);","TRUE"
"src/app/utils/storageCache.ts","215","console:log","console.log(`🧹 [StorageCache] تم تنظيف ${removed} إدخال قديم`);","TRUE"
"src/app/utils/storageUtils.ts","21","console:error","console.error('❌ LocalStorage ممتلئ! لا يمكن الحفظ.'; error);","TRUE"
"src/app/utils/storageUtils.ts","23","console:error","console.error('❌ خطأ في حفظ البيانات:'; error.message);","TRUE"
"src/app/utils/storageUtils.ts","39","console:error","console.error(`❌ خطأ في قراءة البيانات من ${key}:`; error);","TRUE"
"src/app/utils/storageUtils.ts","53","console:error","console.error(`❌ خطأ في حذف ${key}:`; error);","TRUE"
"src/app/utils/storageUtils.ts","70","console:error","console.error('❌ خطأ في مسح التخزين:'; error);","TRUE"
"src/app/utils/storageUtils.ts","117","console:error","console.error('❌ خطأ في الحفظ المجمّع:'; error);","TRUE"
"src/app/utils/validationUtils.ts","28","smell-tag:xxx","// Format: 07xxxxxxxxx (11 digits starting with 07)","TRUE"
"src/boot/bootEntryPreamble.ts","45","smell-tag:ToDo","applyMod.applySettingsToDom(snapshotMod.getLawyerSettingsSnapshot());","TRUE"
"src/boot/bootEntryPreamble.ts","91","smell-tag:ToDo","applyMod.applySettingsToDom(snapshotMod.getLawyerSettingsSnapshot());","TRUE"
"src/boot/bootEntryPreamble.ts","95","smell-tag:ToDo","applyMod.applySettingsToDom(snapshotMod.getLawyerSettingsSnapshot());","TRUE"
"src/boot/mountApplication.ts","40","console:error","console.error('❌ [System] Fatal Boot Error:'; e);","TRUE"
"src/boot/mountApplication.ts","245","throw-generic","if (!rootElement) throw new Error('Root element missing');","TRUE"
"src/hq/mountHqApplication.ts","39","console:error","console.error('[hq] fatal boot'; e);","TRUE"
"src/hq/mountHqApplication.ts","59","throw-generic","if (!rootElement) throw new Error('Root element missing');","TRUE"
"src/hq/stubs/hqOmitAppWipe.ts","10","throw-generic","throw new Error('HQ product has no lawyer application wipe');","TRUE"
"src/lib/forumService.js","105","throw-generic","throw new Error('تعذر رفع الصورة المشفرة');","TRUE"
"src/utils/supabase/clientEnv.ts","19","smell-tag:xxx","const PLACEHOLDER_RE = /YOUR_PROJECT|eyJ\.\.\.|CHANGE_ME|placeholder|xxxx|^xyzab","TRUE"
