"file","line","category","cn60","risk_1_5","decision","reason"
"src/app/bootstrap/lawyerAuth/LawyerAuthGate.tsx","165","section","","4","WONTFIX","complex stateful children; swap risk high"
"src/app/bootstrap/lawyerAuth/LawyerAuthOtpPanel.tsx","252","section","","2","SWAP-TO-SECTION","panel has ARIA region semantics already"
"src/app/bootstrap/lawyerAuth/LawyerPasswordResetForm.tsx","172","section","","3","WONTFIX","no low-risk swap markers; preserve ZVF boundary"
"src/app/bootstrap/lawyerAuth/LawyerRegistrationReviewHold.tsx","62","section","hami-auth-gate-panel","3","WONTFIX","no low-risk swap markers; preserve ZVF boundary"
"src/app/bootstrap/lawyerAuth/LegalTermsConsentGate.tsx","94","section","","3","WONTFIX","no low-risk swap markers; preserve ZVF boundary"
"src/app/bootstrap/LawyerDashboardStemInstantBridge.tsx","14","section","hami-home-bottom-chrome","5","WONTFIX","skeleton aria-hidden element — swap meaningless"
"src/app/components/admin/AdminHeadquartersAccess.tsx","74","section","","3","WONTFIX","no low-risk swap markers; preserve ZVF boundary"
"src/app/components/admin/AdminHeadquartersAccess.tsx","119","section","","3","WONTFIX","no low-risk swap markers; preserve ZVF boundary"
"src/app/components/admin/AdminLawyerVerificationRequests.tsx","200","section","hq-panel hq-dir-board","3","WONTFIX","no low-risk swap markers; preserve ZVF boundary"
"src/app/components/admin/HeadquartersPanel.tsx","388","section","hq-panel hq-dir-board","2","SWAP-TO-SECTION","panel has ARIA region semantics already"
"src/app/components/admin/HeadquartersUserDossier.tsx","324","section","hq-panel p-5","2","WONTFIX","3-swap cap reached"
"src/app/components/admin/HqAuditLogPanel.tsx","121","section","hq-panel overflow-hidden","3","WONTFIX","no low-risk swap markers; preserve ZVF boundary"
"src/app/components/admin/hqChrome.tsx","14","section","hq-section-head","3","WONTFIX","no low-risk swap markers; preserve ZVF boundary"
"src/app/components/admin/hqChrome.tsx","19","section","hq-section-actions","3","WONTFIX","no low-risk swap markers; preserve ZVF boundary"
"src/app/components/admin/HqCourtStatsPanel.tsx","49","section","hq-panel hq-ops-court","3","WONTFIX","no low-risk swap markers; preserve ZVF boundary"
"src/app/components/admin/HqForumAdminPanel.tsx","258","section","hq-panel col-span-2 p-4","3","WONTFIX","no low-risk swap markers; preserve ZVF boundary"
"src/app/components/admin/HqForumAdminPanel.tsx","269","section","hq-panel col-span-2 p-4","3","WONTFIX","no low-risk swap markers; preserve ZVF boundary"
"src/app/components/admin/HqForumAdminPanel.tsx","280","section","hq-panel p-4","3","WONTFIX","no low-risk swap markers; preserve ZVF boundary"
"src/app/components/admin/HqForumAdminPanel.tsx","342","section","hq-panel flex items-center justify-between gap-3 p-4","3","WONTFIX","no low-risk swap markers; preserve ZVF boundary"
"src/app/components/admin/HqMailHealthStrip.tsx","67","section","hq-panel flex flex-wrap items-center justify-between gap-3 p-4","3","WONTFIX","3-swap cap reached"
"src/app/components/admin/HqVerificationDocPeek.tsx","281","header","hq-verify-peek-tools","3","WONTFIX","no low-risk swap markers; preserve ZVF boundary"
"src/app/components/admin/RequireTrustedDevice.tsx","229","section","","3","WONTFIX","no low-risk swap markers; preserve ZVF boundary"
"src/app/components/admin/RequireTrustedDevice.tsx","282","section","","3","WONTFIX","no low-risk swap markers; preserve ZVF boundary"
"src/app/components/lawyer/ActionModals/VoiceRecorderModalView.tsx","62","header","","2","WONTFIX","3-swap cap reached"
"src/app/components/lawyer/AppLockOverlay.tsx","111","section","hami-app-lock-overlay__panel","3","WONTFIX","no low-risk swap markers; preserve ZVF boundary"
"src/app/components/lawyer/ArchivePortal/components/ExecutionArchivePreviewPaintSlot.tsx","19","section","","5","WONTFIX","skeleton aria-hidden element — swap meaningless"
"src/app/components/lawyer/ArchivePortal/components/LawsuitArchiveLifecycleBars.tsx","27","header","","3","WONTFIX","no low-risk swap markers; preserve ZVF boundary"
"src/app/components/lawyer/ArchivePortal/components/UnifiedDossierCard.tsx","345","footer","text-[11px] font-bold","3","WONTFIX","no low-risk swap markers; preserve ZVF boundary"
"src/app/components/lawyer/ArchivePortal/LawsuitArchiveChrome.tsx","260","section","","3","WONTFIX","no low-risk swap markers; preserve ZVF boundary"
"src/app/components/lawyer/CommunityScreen/components/AddQuestionSheetPreview.tsx","36","section","relative w-full hami-forum-panel rounded-xl p-3 border border-white/10 pr-8","3","WONTFIX","no low-risk swap markers; preserve ZVF boundary"
"src/app/components/lawyer/CommunityScreen/components/AddQuestionSheetPreview.tsx","53","section","","3","WONTFIX","no low-risk swap markers; preserve ZVF boundary"
"src/app/components/lawyer/CommunityScreen/components/CommentBottomSheet.tsx","60","section","","3","WONTFIX","3-swap cap reached"
"src/app/components/lawyer/CommunityScreen/components/CommentSheetComposer.tsx","51","section","","3","WONTFIX","no low-risk swap markers; preserve ZVF boundary"
"src/app/components/lawyer/CommunityScreen/components/CommunityScreenAccessGatePanel.tsx","46","section","hami-forum-panel rounded-xl p-4 max-w-md w-full space-y-3","3","WONTFIX","no low-risk swap markers; preserve ZVF boundary"
"src/app/components/lawyer/CommunityScreen/components/EditPostModal.tsx","45","section","","3","WONTFIX","no low-risk swap markers; preserve ZVF boundary"
"src/app/components/lawyer/CommunityScreen/components/ForumGroupFeedPanel.tsx","32","section","","3","WONTFIX","no low-risk swap markers; preserve ZVF boundary"
"src/app/components/lawyer/CommunityScreen/components/ForumOverlayInstantCovers.tsx","40","dialog","","3","WONTFIX","no low-risk swap markers; preserve ZVF boundary"
"src/app/components/lawyer/CommunityScreen/components/ForumOverlayInstantCovers.tsx","151","header","","3","WONTFIX","no low-risk swap markers; preserve ZVF boundary"
"src/app/components/lawyer/CommunityScreen/components/LegalRepository.tsx","81","section","","3","WONTFIX","no low-risk swap markers; preserve ZVF boundary"
"src/app/components/lawyer/CommunityScreen/components/QuestionCardAttachmentAudio.tsx","13","section","","3","WONTFIX","no low-risk swap markers; preserve ZVF boundary"
"src/app/components/lawyer/CommunityScreen/components/QuestionCardAttachmentDocument.tsx","45","section","","3","WONTFIX","no low-risk swap markers; preserve ZVF boundary"
"src/app/components/lawyer/CommunityScreen/components/QuestionCardAttachmentDocument.tsx","81","section","","4","WONTFIX","complex stateful children; swap risk high"
"src/app/components/lawyer/CommunityScreen/components/QuestionCardMoreMenu.tsx","95","nav","relative shrink-0","3","WONTFIX","no low-risk swap markers; preserve ZVF boundary"
"src/app/components/lawyer/CommunityScreen/components/SearchOverlay.tsx","71","header","","3","WONTFIX","no low-risk swap markers; preserve ZVF boundary"
"src/app/components/lawyer/CommunityScreen/components/UploadDocumentModalTypeField.tsx","9","nav","relative z-20","3","WONTFIX","no low-risk swap markers; preserve ZVF boundary"
"src/app/components/lawyer/criminal-system/components/DecisionCardAppealFooter.tsx","133","header","flex flex-wrap items-center gap-2","3","WONTFIX","no low-risk swap markers; preserve ZVF boundary"
"src/app/components/lawyer/criminal-system/components/VerdictCassationModals.tsx","80","section","","3","WONTFIX","no low-risk swap markers; preserve ZVF boundary"
"src/app/components/lawyer/criminal-system/components/VerdictCassationModals.tsx","199","section","","3","WONTFIX","no low-risk swap markers; preserve ZVF boundary"
"src/app/components/lawyer/criminal-system/components/VerdictCassationModals.tsx","357","section","","3","WONTFIX","no low-risk swap markers; preserve ZVF boundary"
"src/app/components/lawyer/dashboard/ExecutionArchiveInstantChrome.tsx","78","header","","2","WONTFIX","3-swap cap reached"
"src/app/components/lawyer/dashboard/ExecutionArchiveInstantChrome.tsx","79","header","","2","WONTFIX","3-swap cap reached"
"src/app/components/lawyer/dashboard/ExecutionArchiveInstantFrame.tsx","171","header","","2","WONTFIX","3-swap cap reached"
"src/app/components/lawyer/dashboard/ExecutionArchiveInstantFrame.tsx","172","header","","2","WONTFIX","3-swap cap reached"
"src/app/components/lawyer/dashboard/ExecutionCreationBootShell.tsx","10","section","","3","WONTFIX","no low-risk swap markers; preserve ZVF boundary"
"src/app/components/lawyer/dashboard/ExecutionCreationBootShell.tsx","11","header","","2","WONTFIX","3-swap cap reached"
"src/app/components/lawyer/dashboard/ExecutionCreationBootShell.tsx","28","section","","5","WONTFIX","skeleton aria-hidden element — swap meaningless"
"src/app/components/lawyer/dashboard/ExecutionCreationBootShell.tsx","29","section","","3","WONTFIX","no low-risk swap markers; preserve ZVF boundary"
"src/app/components/lawyer/dashboard/ExecutionCreationBootShell.tsx","31","header","","3","WONTFIX","no low-risk swap markers; preserve ZVF boundary"
"src/app/components/lawyer/dashboard/ExecutionDossierInstantFrame.tsx","85","header","","3","WONTFIX","no low-risk swap markers; preserve ZVF boundary"
"src/app/components/lawyer/dashboard/fieldTasks/FieldTasksSheetChrome.tsx","44","header","","2","WONTFIX","3-swap cap reached"
"src/app/components/lawyer/dashboard/fieldTasks/FieldTasksSheetOpenInstantChrome.tsx","90","header","","2","WONTFIX","3-swap cap reached"
"src/app/components/lawyer/dashboard/fieldTasks/FieldTasksSheetOpenInstantChrome.tsx","164","footer","","3","WONTFIX","no low-risk swap markers; preserve ZVF boundary"
"src/app/components/lawyer/dashboard/FieldTasksBottomSheet.tsx","300","footer","","3","WONTFIX","no low-risk swap markers; preserve ZVF boundary"
"src/app/components/lawyer/dashboard/forumProfile/ForumTileProfileQuarterChrome.tsx","19","article","hami-forum-tile-avatar-frame","3","WONTFIX","no low-risk swap markers; preserve ZVF boundary"
"src/app/components/lawyer/dashboard/LawsuitsWorkspaceInstantChrome.tsx","37","header","px-4 hami-overlay-header-safe-pad pb-2","2","WONTFIX","3-swap cap reached"
"src/app/components/lawyer/dashboard/LawsuitsWorkspaceInstantPaintFrame.tsx","36","header","px-4 hami-overlay-header-safe-pad pb-2","2","WONTFIX","3-swap cap reached"
"src/app/components/lawyer/dashboard/LawsuitsWorkspaceShell.tsx","141","header","px-4 hami-overlay-header-safe-pad pb-2","2","WONTFIX","3-swap cap reached"
"src/app/components/lawyer/dashboard/LawsuitsWorkspaceShell.tsx","215","article","pointer-events-auto","3","WONTFIX","no low-risk swap markers; preserve ZVF boundary"
"src/app/components/lawyer/dashboard/LawsuitsWorkspaceUrgentTab.tsx","23","section","","3","WONTFIX","no low-risk swap markers; preserve ZVF boundary"
"src/app/components/lawyer/dashboard/LawyerNewCaseInstantPaintCover.tsx","19","section","","4","WONTFIX","complex stateful children; swap risk high"
"src/app/components/lawyer/dashboard/LawyerNewCaseInstantPaintCover.tsx","49","header","","2","WONTFIX","3-swap cap reached"
"src/app/components/lawyer/dashboard/LawyerNewCaseSelectionInstantShell.tsx","38","header","","2","WONTFIX","3-swap cap reached"
"src/app/components/lawyer/dashboard/profile/ProfilePagePaintGate.tsx","28","article","","4","WONTFIX","complex stateful children; swap risk high"
"src/app/components/lawyer/dashboard/schedule/RadarOpenInstantChrome.tsx","214","nav","","3","WONTFIX","no low-risk swap markers; preserve ZVF boundary"
"src/app/components/lawyer/dashboard/tasksManager/DistantTasksSection.tsx","143","section","","3","WONTFIX","no low-risk swap markers; preserve ZVF boundary"
"src/app/components/lawyer/dashboard/tasksManager/TaskHelpInboxPanel.tsx","177","section","","3","WONTFIX","no low-risk swap markers; preserve ZVF boundary"
"src/app/components/lawyer/dashboard/tasksManager/TaskHelpInboxPanel.tsx","178","section","","3","WONTFIX","no low-risk swap markers; preserve ZVF boundary"
"src/app/components/lawyer/Dashboard_Active_Order_File/layout/ActiveOrderFileHeader.tsx","60","header","max-w-5xl mx-auto px-3 hami-overlay-header-safe-pad pb-2","3","WONTFIX","no low-risk swap markers; preserve ZVF boundary"
"src/app/components/lawyer/Dashboard_Active_Order_File/layout/ActiveOrderFileView.tsx","65","article","","3","WONTFIX","no low-risk swap markers; preserve ZVF boundary"
"src/app/components/lawyer/Dashboard_Active_Order_File/layout/AdminWorkspacePanel.tsx","228","nav","mt-3","3","WONTFIX","no low-risk swap markers; preserve ZVF boundary"
"src/app/components/lawyer/Dashboard_Active_Order_File/layout/AdminWorkspacePanel.tsx","229","section","mt-3","3","WONTFIX","no low-risk swap markers; preserve ZVF boundary"
"src/app/components/lawyer/Dashboard_Active_Order_File/layout/LifecyclePanel.tsx","76","article","","3","WONTFIX","no low-risk swap markers; preserve ZVF boundary"
"src/app/components/lawyer/Dashboard_Active_Order_File/layout/PartiesSidebar.tsx","100","article","","3","WONTFIX","no low-risk swap markers; preserve ZVF boundary"
"src/app/components/lawyer/Dashboard_Active_Order_File/modals/DossierEditModal.tsx","112","article","text-[11px] font-bold uppercase tracking-wide text-white/40 mb-2","3","WONTFIX","no low-risk swap markers; preserve ZVF boundary"
"src/app/components/lawyer/Dashboard_Active_Order_File/modals/DossierEditModal.tsx","175","article","text-[11px] font-bold uppercase tracking-wide text-white/40","3","WONTFIX","no low-risk swap markers; preserve ZVF boundary"
"src/app/components/lawyer/Dashboard_Active_Order_File/panels/cassation/CassationPhaseBody.tsx","117","article","text-white font-bold","3","WONTFIX","no low-risk swap markers; preserve ZVF boundary"
"src/app/components/lawyer/Dashboard_Active_Order_File/panels/grievance/GrievanceFiledDetailsSection.tsx","31","article","text-white font-bold","3","WONTFIX","no low-risk swap markers; preserve ZVF boundary"
"src/app/components/lawyer/DecisionsAndAppealsEngine/hooks/appeal-renderers/useAppealEntryButtonsRenderer.tsx","146","header","","3","WONTFIX","no low-risk swap markers; preserve ZVF boundary"
"src/app/components/lawyer/DocumentVault.tsx","480","header","","2","WONTFIX","3-swap cap reached"
"src/app/components/lawyer/DocumentVault.tsx","633","header","","2","WONTFIX","3-swap cap reached"
"src/app/components/lawyer/DocumentVault.tsx","682","header","","2","WONTFIX","3-swap cap reached"
"src/app/components/lawyer/DocumentVault.tsx","723","header","","2","WONTFIX","3-swap cap reached"
"src/app/components/lawyer/dossier-notes/DossierFastNoteComposer.tsx","62","header","","2","WONTFIX","3-swap cap reached"
"src/app/components/lawyer/dossier-notes/DossierFastNoteComposer.tsx","218","article","","3","WONTFIX","no low-risk swap markers; preserve ZVF boundary"
"src/app/components/lawyer/dossier-notes/DossierFastNoteComposer.tsx","277","article","","3","WONTFIX","no low-risk swap markers; preserve ZVF boundary"
"src/app/components/lawyer/execution/evictionField/hooks/useEvictionFieldActionRenderers.tsx","125","section","border-t border-white/10 px-3 py-3","4","WONTFIX","complex stateful children; swap risk high"
"src/app/components/lawyer/execution/evictionField/hooks/useEvictionFieldBranchRenderers.tsx","97","section","mt-2 rounded-2xl border border-white/10 bg-black/15 p-3","3","WONTFIX","no low-risk swap markers; preserve ZVF boundary"
"src/app/components/lawyer/execution/personalCoercive/sections/ForcedBringSection.tsx","121","section","relative space-y-2","3","WONTFIX","3-swap cap reached"
"src/app/components/lawyer/ExecutionCreationView/components/ExecutionCreationFormBody.tsx","247","header","","2","WONTFIX","3-swap cap reached"
"src/app/components/lawyer/ExecutionCreationView/components/ExecutionCreationFormBody.tsx","257","section","","3","WONTFIX","no low-risk swap markers; preserve ZVF boundary"
"src/app/components/lawyer/ExecutionCreationView/components/ExecutionCreationFormBody.tsx","258","section","","3","WONTFIX","no low-risk swap markers; preserve ZVF boundary"
"src/app/components/lawyer/ExecutionCreationView/components/ExecutionCreationSection.tsx","18","header","","2","WONTFIX","3-swap cap reached"
"src/app/components/lawyer/ExecutionCreationView/components/ExecutionIntakeModals.tsx","65","section","","3","WONTFIX","no low-risk swap markers; preserve ZVF boundary"
"src/app/components/lawyer/ExecutionCreationView/components/ExecutionIntakeModals.tsx","150","section","","3","WONTFIX","no low-risk swap markers; preserve ZVF boundary"
"src/app/components/lawyer/ExecutionCreationView/components/ExecutionIntakeModals.tsx","151","section","","3","WONTFIX","no low-risk swap markers; preserve ZVF boundary"
"src/app/components/lawyer/ExecutionCreationView/components/ExecutionOptionSheet.tsx","38","header","","3","WONTFIX","no low-risk swap markers; preserve ZVF boundary"
"src/app/components/lawyer/ExecutionCreationView/components/ExecutionOptionSheet.tsx","128","header","","3","WONTFIX","no low-risk swap markers; preserve ZVF boundary"
"src/app/components/lawyer/ExecutionCreationView/components/ExecutionOptionSheet.tsx","140","section","","3","WONTFIX","no low-risk swap markers; preserve ZVF boundary"
"src/app/components/lawyer/ExecutionCreationView/components/ExecutionOptionSheet.tsx","141","section","","3","WONTFIX","no low-risk swap markers; preserve ZVF boundary"
"src/app/components/lawyer/ExecutionCreationView/components/ExecutionOptionSheet.tsx","155","section","","5","WONTFIX","skeleton aria-hidden element — swap meaningless"
"src/app/components/lawyer/ExecutionCreationView/components/ExecutionOptionSheet.tsx","213","footer","","3","WONTFIX","no low-risk swap markers; preserve ZVF boundary"
"src/app/components/lawyer/ExecutionCreationView/components/InstrumentClaimAmountsBlock.tsx","129","section","","3","WONTFIX","no low-risk swap markers; preserve ZVF boundary"
"src/app/components/lawyer/ExecutionCreationView/components/InstrumentClaimAmountsBlock.tsx","130","header","","2","WONTFIX","3-swap cap reached"
"src/app/components/lawyer/ExecutionCreationView/components/InstrumentClaimAmountsBlock.tsx","190","section","","3","WONTFIX","no low-risk swap markers; preserve ZVF boundary"
"src/app/components/lawyer/ExecutionCreationView/components/InstrumentClaimAmountsBlock.tsx","191","header","","2","WONTFIX","3-swap cap reached"
"src/app/components/lawyer/ExecutionCreationView/components/InstrumentClaimAmountsBlock.tsx","194","section","space-y-3","3","WONTFIX","no low-risk swap markers; preserve ZVF boundary"
"src/app/components/lawyer/ExecutionCreationView/components/PastAlimonySection.tsx","138","section","","3","WONTFIX","no low-risk swap markers; preserve ZVF boundary"
"src/app/components/lawyer/ExecutionCreationView/components/PastAlimonySection.tsx","148","section","","3","WONTFIX","no low-risk swap markers; preserve ZVF boundary"
"src/app/components/lawyer/ExecutionCreationView/components/SmartAlimonyCalculator.tsx","120","header","","2","WONTFIX","3-swap cap reached"
"src/app/components/lawyer/ExecutionCreationView.tsx","439","section","","3","WONTFIX","no low-risk swap markers; preserve ZVF boundary"
"src/app/components/lawyer/ExecutionDashboard/components/ActionGridSection.tsx","209","article","","3","WONTFIX","no low-risk swap markers; preserve ZVF boundary"
"src/app/components/lawyer/ExecutionDashboard/components/DashboardHeaderExpandedDetails.tsx","36","article","","3","WONTFIX","no low-risk swap markers; preserve ZVF boundary"
"src/app/components/lawyer/ExecutionDashboard/components/DossierMetaEditSection.tsx","109","header","","2","WONTFIX","3-swap cap reached"
"src/app/components/lawyer/ExecutionDashboard/components/ExecutionAppointmentModal.tsx","217","header","","2","WONTFIX","3-swap cap reached"
"src/app/components/lawyer/ExecutionDashboard/components/ExecutionDashboardPhoneBodyHeader.tsx","76","header","","3","WONTFIX","no low-risk swap markers; preserve ZVF boundary"
"src/app/components/lawyer/ExecutionDashboard/components/ExecutionDashboardPhoneBodyHeader.tsx","77","header","","3","WONTFIX","no low-risk swap markers; preserve ZVF boundary"
"src/app/components/lawyer/ExecutionDashboard/components/ExecutionDebtorNotificationMemoModalContainer.tsx","69","header","","2","WONTFIX","3-swap cap reached"
"src/app/components/lawyer/ExecutionDashboard/components/ExecutionDecisionsModalContainer.tsx","58","header","","2","WONTFIX","3-swap cap reached"
"src/app/components/lawyer/ExecutionDashboard/components/ExecutionFollowupInstantFrame.tsx","81","section","","3","WONTFIX","no low-risk swap markers; preserve ZVF boundary"
"src/app/components/lawyer/ExecutionDashboard/components/ExecutionFollowupInstantFrame.tsx","82","header","","2","WONTFIX","3-swap cap reached"
"src/app/components/lawyer/ExecutionDashboard/components/ExecutionFollowupModalShell.tsx","109","section","","3","WONTFIX","no low-risk swap markers; preserve ZVF boundary"
"src/app/components/lawyer/ExecutionDashboard/components/ExecutionFollowupModalShell.tsx","110","header","","2","WONTFIX","3-swap cap reached"
"src/app/components/lawyer/ExecutionDashboard/components/ExecutionFullTimelineModalContainer.tsx","185","header","","2","WONTFIX","3-swap cap reached"
"src/app/components/lawyer/ExecutionDashboard/components/ExecutionHeirsNotificationModalContainer.tsx","87","header","","2","WONTFIX","3-swap cap reached"
"src/app/components/lawyer/ExecutionDashboard/components/ExecutionOverlayInstantFrame.tsx","125","header","","3","WONTFIX","no low-risk swap markers; preserve ZVF boundary"
"src/app/components/lawyer/ExecutionDashboard/components/ExecutionPaymentModalContainer.tsx","59","section","","3","WONTFIX","no low-risk swap markers; preserve ZVF boundary"
"src/app/components/lawyer/ExecutionDashboard/components/ExecutionPaymentModalContainer.tsx","66","header","","2","WONTFIX","3-swap cap reached"
"src/app/components/lawyer/ExecutionDashboard/components/ExecutionTaskComposerForm.tsx","40","section","","3","WONTFIX","no low-risk swap markers; preserve ZVF boundary"
"src/app/components/lawyer/ExecutionDashboard/components/FollowupProcedureCard.tsx","146","section","border-t border-white/10","3","WONTFIX","no low-risk swap markers; preserve ZVF boundary"
"src/app/components/lawyer/ExecutionDashboard/components/hiddenFollowup/shared/hiddenFollowupChrome.tsx","27","section","","3","WONTFIX","no low-risk swap markers; preserve ZVF boundary"
"src/app/components/lawyer/ExecutionDashboard/components/LawReferencePanel.tsx","68","header","","2","WONTFIX","3-swap cap reached"
"src/app/components/lawyer/ExecutionDashboard/components/maritalFurniture/MaritalFurnitureWorkspaceSheet.tsx","53","header","flex shrink-0 items-center gap-2 flex-row-reverse","3","WONTFIX","no low-risk swap markers; preserve ZVF boundary"
"src/app/components/lawyer/ExecutionDashboard/components/SeizureRequestSubjectModal.tsx","76","header","","3","WONTFIX","no low-risk swap markers; preserve ZVF boundary"
"src/app/components/lawyer/ExecutionDashboard/components/TimelineEditModal.tsx","151","header","","2","WONTFIX","3-swap cap reached"
"src/app/components/lawyer/FinancialOperationsCenter/components/FocEvictionLedgerBody.tsx","69","section","","3","WONTFIX","no low-risk swap markers; preserve ZVF boundary"
"src/app/components/lawyer/Form_Urgent_Actions/UrgentActionsFormHeader.tsx","8","header","","3","WONTFIX","no low-risk swap markers; preserve ZVF boundary"
"src/app/components/lawyer/GlobalSearchOverlay/components/RecentSearchesPanel.tsx","14","section","px-3 py-2 space-y-1.5","3","WONTFIX","3-swap cap reached"
"src/app/components/lawyer/GlobalSearchOverlay/components/SearchHeader.tsx","57","header","hami-gs-header","3","WONTFIX","no low-risk swap markers; preserve ZVF boundary"
"src/app/components/lawyer/GlobalSearchOverlay/GlobalSearchErrorBoundary.tsx","20","section","","3","WONTFIX","no low-risk swap markers; preserve ZVF boundary"
"src/app/components/lawyer/GlobalSearchOverlay/GlobalSearchInstantSheetChrome.tsx","42","header","hami-gs-header","3","WONTFIX","no low-risk swap markers; preserve ZVF boundary"
"src/app/components/lawyer/HamiSettings/appearance/AppearanceBlockCustomizePanel.tsx","14","section","space-y-2.5","3","WONTFIX","3-swap cap reached"
"src/app/components/lawyer/HamiSettings/SettingsSectionRouter.tsx","110","section","hami-settings-section-frame mx-auto w-full","3","WONTFIX","no low-risk swap markers; preserve ZVF boundary"
"src/app/components/lawyer/HamiSettings/SettingsShellHeader.tsx","63","header","hami-settings-header-inner","2","WONTFIX","3-swap cap reached"
"src/app/components/lawyer/LawyerHomeHubCard.tsx","37","section","","3","WONTFIX","no low-risk swap markers; preserve ZVF boundary"
"src/app/components/lawyer/LawyerNewCase/components/CaseBasicsForm.tsx","189","section","","3","WONTFIX","no low-risk swap markers; preserve ZVF boundary"
"src/app/components/lawyer/LawyerNewCase/components/CaseHeader.tsx","25","header","","2","WONTFIX","3-swap cap reached"
"src/app/components/lawyer/LawyerNewCase/components/SaveButton.tsx","19","footer","","3","WONTFIX","no low-risk swap markers; preserve ZVF boundary"
"src/app/components/lawyer/Modal_Quick_Log.tsx","113","article","text-white font-bold text-sm mt-0.5 truncate","3","WONTFIX","no low-risk swap markers; preserve ZVF boundary"
"src/app/components/lawyer/Modal_Seized_Assets_Manager.tsx","105","section","","3","WONTFIX","no low-risk swap markers; preserve ZVF boundary"
"src/app/components/lawyer/Modal_Unified_Summons_Hub/SummonsHubHeader.tsx","22","header","","2","WONTFIX","3-swap cap reached"
"src/app/components/lawyer/Modal_Unified_Summons_Hub/SummonsHubTablighPanel.tsx","97","section","","3","WONTFIX","no low-risk swap markers; preserve ZVF boundary"
"src/app/components/lawyer/NotificationPanel/components/NotificationHeader.tsx","40","header","hami-notif-header-switch","3","WONTFIX","no low-risk swap markers; preserve ZVF boundary"
"src/app/components/lawyer/NotificationPanel/components/NotificationHeaderAlertControls.tsx","17","header","","2","WONTFIX","3-swap cap reached"
"src/app/components/lawyer/NotificationPanel/components/NotificationHeaderInbox.tsx","36","header","","2","WONTFIX","3-swap cap reached"
"src/app/components/lawyer/NotificationPanel/components/NotificationList.tsx","27","section","space-y-3","3","WONTFIX","3-swap cap reached"
"src/app/components/lawyer/NotificationPanel/components/NotificationPanelSheet.tsx","70","section","hami-notif-sheet-track","3","WONTFIX","no low-risk swap markers; preserve ZVF boundary"
"src/app/components/lawyer/personal-status/PersonalStatusDossierBody.tsx","255","footer","","3","WONTFIX","no low-risk swap markers; preserve ZVF boundary"
"src/app/components/lawyer/personal-status/PersonalStatusDossierBody.tsx","262","footer","","3","WONTFIX","no low-risk swap markers; preserve ZVF boundary"
"src/app/components/lawyer/personal-status/PersonalStatusDossierBody.tsx","266","footer","","3","WONTFIX","no low-risk swap markers; preserve ZVF boundary"
"src/app/components/lawyer/personal-status/PersonalStatusFlowConfirmDialog.tsx","36","header","","2","WONTFIX","3-swap cap reached"
"src/app/components/lawyer/personal-status/PersonalStatusLawReferencePortal.tsx","50","header","","2","WONTFIX","3-swap cap reached"
"src/app/components/lawyer/personal-status/PersonalStatusPearlSection.tsx","56","section","","3","WONTFIX","no low-risk swap markers; preserve ZVF boundary"
"src/app/components/lawyer/personal-status/PersonalStatusSmartFileChrome.tsx","62","section","","3","WONTFIX","no low-risk swap markers; preserve ZVF boundary"
"src/app/components/lawyer/personal-status/PersonalStatusStageFooterBar.tsx","45","footer","","3","WONTFIX","no low-risk swap markers; preserve ZVF boundary"
"src/app/components/lawyer/RoyalLawyerProfile/components/BlockLivePreview.tsx","19","article","profile-block-live-preview","3","WONTFIX","no low-risk swap markers; preserve ZVF boundary"
"src/app/components/lawyer/RoyalLawyerProfile/components/ImageBlockStudioEditor.tsx","46","section","profile-studio-panel-tabs","3","WONTFIX","3-swap cap reached"
"src/app/components/lawyer/RoyalLawyerProfile/components/imageStudio/ImageBlockFocusPanel.tsx","22","section","space-y-3","3","WONTFIX","3-swap cap reached"
"src/app/components/lawyer/RoyalLawyerProfile/components/imageStudio/ImageBlockFramePanel.tsx","25","section","space-y-3","3","WONTFIX","3-swap cap reached"
"src/app/components/lawyer/RoyalLawyerProfile/components/imageStudio/ImageBlockFramePanel.tsx","28","article","profile-studio-media-shape-grid","3","WONTFIX","no low-risk swap markers; preserve ZVF boundary"
"src/app/components/lawyer/RoyalLawyerProfile/components/imageStudio/ImageFocusPicker.tsx","178","article","profile-image-focus-picker__zoom-controls","3","WONTFIX","no low-risk swap markers; preserve ZVF boundary"
"src/app/components/lawyer/RoyalLawyerProfile/components/ProfileChromeHeader.tsx","99","header","hami-profile-chrome-header__slot hami-profile-chrome-header__slot--start","3","WONTFIX","no low-risk swap markers; preserve ZVF boundary"
"src/app/components/lawyer/RoyalLawyerProfile/components/ProfileContactChannel.tsx","67","article","hami-profile-contact-icon group-hover:scale-105 transition-transform","3","WONTFIX","no low-risk swap markers; preserve ZVF boundary"
"src/app/components/lawyer/RoyalLawyerProfile/components/ProfileContactEditRow.tsx","23","article","hami-profile-edit-channel-row","3","WONTFIX","no low-risk swap markers; preserve ZVF boundary"
"src/app/components/lawyer/RoyalLawyerProfile/components/ProfileContactSection.tsx","40","section","hami-profile-section-head","3","WONTFIX","no low-risk swap markers; preserve ZVF boundary"
"src/app/components/lawyer/RoyalLawyerProfile/components/ProfileContactSection.tsx","66","article","hami-profile-contact-stack","3","WONTFIX","no low-risk swap markers; preserve ZVF boundary"
"src/app/components/lawyer/RoyalLawyerProfile/components/ProfileContentBodySections.tsx","77","article","hami-profile-page-stack","3","WONTFIX","no low-risk swap markers; preserve ZVF boundary"
"src/app/components/lawyer/RoyalLawyerProfile/components/ProfileFloatingPortrait.tsx","14","article","rounded-full overflow-hidden hami-profile-portrait-frame bg-[#0A0F1C]","3","WONTFIX","no low-risk swap markers; preserve ZVF boundary"
"src/app/components/lawyer/RoyalLawyerProfile/components/ProfileGallerySection.tsx","69","section","hami-profile-section-head","3","WONTFIX","no low-risk swap markers; preserve ZVF boundary"
"src/app/components/lawyer/RoyalLawyerProfile/components/ProfileGallerySection.tsx","98","article","hami-profile-gallery-rail","3","WONTFIX","no low-risk swap markers; preserve ZVF boundary"
"src/app/components/lawyer/RoyalLawyerProfile/components/ProfileGalleryViewer.tsx","98","section","hami-profile-gallery-viewer__sheet","3","WONTFIX","no low-risk swap markers; preserve ZVF boundary"
"src/app/components/lawyer/RoyalLawyerProfile/components/ProfileGalleryViewer.tsx","99","article","hami-profile-gallery-viewer__top","3","WONTFIX","no low-risk swap markers; preserve ZVF boundary"
"src/app/components/lawyer/RoyalLawyerProfile/components/ProfileGalleryViewer.tsx","140","article","hami-profile-gallery-viewer__controls","3","WONTFIX","no low-risk swap markers; preserve ZVF boundary"
"src/app/components/lawyer/RoyalLawyerProfile/components/ProfileGalleryViewer.tsx","141","article","hami-profile-gallery-viewer__zoom-row","3","WONTFIX","no low-risk swap markers; preserve ZVF boundary"
"src/app/components/lawyer/RoyalLawyerProfile/components/ProfileGalleryViewer.tsx","166","article","hami-profile-gallery-viewer__actions","3","WONTFIX","no low-risk swap markers; preserve ZVF boundary"
"src/app/components/lawyer/RoyalLawyerProfile/components/ProfileGalleryViewer.tsx","186","article","hami-profile-gallery-viewer__controls","3","WONTFIX","no low-risk swap markers; preserve ZVF boundary"
"src/app/components/lawyer/RoyalLawyerProfile/components/ProfileGalleryViewer.tsx","187","article","hami-profile-gallery-viewer__zoom-row","3","WONTFIX","no low-risk swap markers; preserve ZVF boundary"
"src/app/components/lawyer/RoyalLawyerProfile/components/ProfileGalleryViewer.tsx","213","article","hami-profile-gallery-viewer__actions","3","WONTFIX","no low-risk swap markers; preserve ZVF boundary"
"src/app/components/lawyer/RoyalLawyerProfile/components/ProfileHeroActionRail.tsx","43","article","hami-profile-hero-rail","3","WONTFIX","no low-risk swap markers; preserve ZVF boundary"
"src/app/components/lawyer/RoyalLawyerProfile/components/ProfileHeroActionRail.tsx","58","article","hami-profile-sigil-constellation","3","WONTFIX","no low-risk swap markers; preserve ZVF boundary"
"src/app/components/lawyer/RoyalLawyerProfile/components/ProfileHeroIdentityZone.tsx","36","article","hami-profile-identity hami-profile-identity--edit","3","WONTFIX","no low-risk swap markers; preserve ZVF boundary"
"src/app/components/lawyer/RoyalLawyerProfile/components/ProfileHeroIdentityZone.tsx","68","article","hami-profile-identity","3","WONTFIX","no low-risk swap markers; preserve ZVF boundary"
"src/app/components/lawyer/RoyalLawyerProfile/components/ProfileHeroMetaParts.tsx","40","article","hami-profile-hero-meta","3","WONTFIX","no low-risk swap markers; preserve ZVF boundary"
"src/app/components/lawyer/RoyalLawyerProfile/components/ProfileHeroMetaParts.tsx","59","article","hami-profile-forum-metrics hami-profile-forum-metrics--unified","3","WONTFIX","no low-risk swap markers; preserve ZVF boundary"
"src/app/components/lawyer/RoyalLawyerProfile/components/ProfileHeroMetaParts.tsx","60","article","hami-profile-forum-metric","3","WONTFIX","no low-risk swap markers; preserve ZVF boundary"
"src/app/components/lawyer/RoyalLawyerProfile/components/ProfileHeroMetaParts.tsx","64","article","hami-profile-forum-metric","3","WONTFIX","no low-risk swap markers; preserve ZVF boundary"
"src/app/components/lawyer/RoyalLawyerProfile/components/ProfileHeroSection.tsx","97","article","hami-profile-hero-wrap","3","WONTFIX","no low-risk swap markers; preserve ZVF boundary"
"src/app/components/lawyer/RoyalLawyerProfile/components/ProfileHeroSection.tsx","98","article","hami-profile-hero-identity-row","3","WONTFIX","no low-risk swap markers; preserve ZVF boundary"
"src/app/components/lawyer/RoyalLawyerProfile/components/ProfileHeroSection.tsx","99","article","hami-profile-hero-portrait-slot","3","WONTFIX","no low-risk swap markers; preserve ZVF boundary"
"src/app/components/lawyer/RoyalLawyerProfile/components/ProfilePageAccessBlocked.tsx","26","article","mt-4","3","WONTFIX","no low-risk swap markers; preserve ZVF boundary"
"src/app/components/lawyer/RoyalLawyerProfile/components/profileTextCanvas/MistFogLayer.tsx","181","article","profile-text-canvas__mist-shimmer","5","WONTFIX","skeleton aria-hidden element — swap meaningless"
"src/app/components/lawyer/RoyalLawyerProfile/components/profileTextCanvas/MistFogLayer.tsx","182","article","profile-text-canvas__mist-gold-haze","5","WONTFIX","skeleton aria-hidden element — swap meaningless"
"src/app/components/lawyer/RoyalLawyerProfile/components/profileTextCanvas/ProfileTextCanvasMaskLayers.tsx","45","article","profile-text-canvas__luminous-bloom","5","WONTFIX","skeleton aria-hidden element — swap meaningless"
"src/app/components/lawyer/RoyalLawyerProfile/components/profileTextCanvas/ProfileTextCanvasMaskLayers.tsx","46","article","profile-text-canvas__luminous-folds","5","WONTFIX","skeleton aria-hidden element — swap meaningless"
"src/app/components/lawyer/RoyalLawyerProfile/components/profileTextCanvas/ProfileTextCanvasMaskLayers.tsx","47","article","profile-text-canvas__luminous-fold profile-text-canvas__luminous-fold--left","3","WONTFIX","no low-risk swap markers; preserve ZVF boundary"
"src/app/components/lawyer/RoyalLawyerProfile/components/profileTextCanvas/ProfileTextCanvasMaskLayers.tsx","48","article","profile-text-canvas__luminous-fold profile-text-canvas__luminous-fold--right","3","WONTFIX","no low-risk swap markers; preserve ZVF boundary"
"src/app/components/lawyer/RoyalLawyerProfile/components/profileTextCanvas/ProfileTextCanvasMaskLayers.tsx","104","article","profile-text-canvas__silk-veil","5","WONTFIX","skeleton aria-hidden element — swap meaningless"
"src/app/components/lawyer/RoyalLawyerProfile/components/profileTextCanvas/ProfileTextCanvasMaskLayers.tsx","105","article","profile-text-canvas__silk-veil-weave","3","WONTFIX","no low-risk swap markers; preserve ZVF boundary"
"src/app/components/lawyer/RoyalLawyerProfile/components/profileTextCanvas/ProfileTextCanvasMaskLayers.tsx","106","article","profile-text-canvas__silk-veil-glow","3","WONTFIX","no low-risk swap markers; preserve ZVF boundary"
"src/app/components/lawyer/RoyalLawyerProfile/components/profileTextCanvas/ProfileTextCanvasMaskLayers.tsx","107","article","profile-text-canvas__silk-veil-sheen","3","WONTFIX","no low-risk swap markers; preserve ZVF boundary"
"src/app/components/lawyer/RoyalLawyerProfile/components/profileTextCanvas/ProfileTextCanvasMaskLayers.tsx","113","article","profile-text-canvas__door-light","5","WONTFIX","skeleton aria-hidden element — swap meaningless"
"src/app/components/lawyer/RoyalLawyerProfile/components/profileTextCanvas/ProfileTextCanvasMaskLayers.tsx","114","article","profile-text-canvas__doors","5","WONTFIX","skeleton aria-hidden element — swap meaningless"
"src/app/components/lawyer/RoyalLawyerProfile/components/profileTextCanvas/ProfileTextCanvasMaskLayers.tsx","115","article","profile-text-canvas__door profile-text-canvas__door--left","3","WONTFIX","no low-risk swap markers; preserve ZVF boundary"
"src/app/components/lawyer/RoyalLawyerProfile/components/profileTextCanvas/ProfileTextCanvasMaskLayers.tsx","116","article","profile-text-canvas__door-inlay","3","WONTFIX","no low-risk swap markers; preserve ZVF boundary"
"src/app/components/lawyer/RoyalLawyerProfile/components/profileTextCanvas/ProfileTextCanvasMaskLayers.tsx","118","article","profile-text-canvas__door profile-text-canvas__door--right","3","WONTFIX","no low-risk swap markers; preserve ZVF boundary"
"src/app/components/lawyer/RoyalLawyerProfile/components/profileTextCanvas/ProfileTextCanvasMaskLayers.tsx","119","article","profile-text-canvas__door-knob","3","WONTFIX","no low-risk swap markers; preserve ZVF boundary"
"src/app/components/lawyer/RoyalLawyerProfile/components/profileTextCanvas/ProfileTextCanvasMaskLayers.tsx","120","article","profile-text-canvas__door-inlay","3","WONTFIX","no low-risk swap markers; preserve ZVF boundary"
"src/app/components/lawyer/RoyalLawyerProfile/components/profileTextCanvas/ProfileTextCanvasShell.tsx","100","article","profile-text-canvas__rim","5","WONTFIX","skeleton aria-hidden element — swap meaningless"
"src/app/components/lawyer/RoyalLawyerProfile/components/profileTextCanvas/ProfileTextCanvasShell.tsx","101","article","profile-text-canvas__bloom","5","WONTFIX","skeleton aria-hidden element — swap meaningless"
"src/app/components/lawyer/RoyalLawyerProfile/components/profileTextCanvas/ProfileTextCanvasShell.tsx","119","article","profile-text-canvas__inner","3","WONTFIX","no low-risk swap markers; preserve ZVF boundary"
"src/app/components/lawyer/RoyalLawyerProfile/components/settings/ProfileSettingsBlockCard.tsx","60","article","profile-settings-block-card","3","WONTFIX","no low-risk swap markers; preserve ZVF boundary"
"src/app/components/lawyer/RoyalLawyerProfile/components/settings/ProfileSettingsBlockCard.tsx","61","article","profile-settings-block-head","3","WONTFIX","no low-risk swap markers; preserve ZVF boundary"
"src/app/components/lawyer/RoyalLawyerProfile/components/settings/ProfileSettingsBlockCard.tsx","121","article","profile-settings-block-body","3","WONTFIX","no low-risk swap markers; preserve ZVF boundary"
"src/app/components/lawyer/RoyalLawyerProfile/components/settings/ProfileSettingsContainersTab.tsx","78","article","space-y-3 pb-2","3","WONTFIX","no low-risk swap markers; preserve ZVF boundary"
"src/app/components/lawyer/RoyalLawyerProfile/components/settings/ProfileSettingsContainersTab.tsx","79","article","profile-settings-luxury-card p-1 profile-settings-container-tabs","3","WONTFIX","no low-risk swap markers; preserve ZVF boundary"
"src/app/components/lawyer/RoyalLawyerProfile/components/settings/ProfileSettingsSheetHeader.tsx","11","article","profile-settings-handle mx-auto mt-3 mb-3","5","WONTFIX","skeleton aria-hidden element — swap meaningless"
"src/app/components/lawyer/RoyalLawyerProfile/components/settings/ProfileSettingsSheetPanels.tsx","165","section","","3","WONTFIX","no low-risk swap markers; preserve ZVF boundary"
"src/app/components/lawyer/RoyalLawyerProfile/components/settings/ProfileSettingsTabSkeleton.tsx","6","article","space-y-3 py-1","5","WONTFIX","skeleton aria-hidden element — swap meaningless"
"src/app/components/lawyer/RoyalLawyerProfile/components/TextBlockStudioEditor.tsx","91","article","profile-studio-editor","3","WONTFIX","no low-risk swap markers; preserve ZVF boundary"
"src/app/components/lawyer/RoyalLawyerProfile/components/TextBlockStudioEditor.tsx","109","section","profile-studio-panel-tabs","3","WONTFIX","3-swap cap reached"
"src/app/components/lawyer/RoyalLawyerProfile/components/TextBlockStudioEditor.tsx","143","section","profile-studio-panel-slot","3","WONTFIX","no low-risk swap markers; preserve ZVF boundary"
"src/app/components/lawyer/RoyalLawyerProfile/components/textStudio/CanvasMaterialGrid.tsx","20","article","profile-studio-material-grid","3","WONTFIX","no low-risk swap markers; preserve ZVF boundary"
"src/app/components/lawyer/RoyalLawyerProfile/components/textStudio/TextBlockCanvasPanel.tsx","31","section","profile-studio-panel space-y-3","3","WONTFIX","3-swap cap reached"
"src/app/components/lawyer/RoyalLawyerProfile/components/textStudio/TextBlockCanvasPanel.tsx","66","article","profile-settings-template-row","3","WONTFIX","no low-risk swap markers; preserve ZVF boundary"
"src/app/components/lawyer/RoyalLawyerProfile/components/textStudio/TextBlockStylePanel.tsx","60","section","profile-studio-panel space-y-3","3","WONTFIX","3-swap cap reached"
"src/app/components/lawyer/RoyalLawyerProfile/components/textStudio/TextBlockStylePanel.tsx","70","article","profile-studio-line-chip-row","3","WONTFIX","no low-risk swap markers; preserve ZVF boundary"
"src/app/components/lawyer/RoyalLawyerProfile/components/textStudio/TextBlockStylePanel.tsx","120","article","profile-settings-quick-presets","3","WONTFIX","no low-risk swap markers; preserve ZVF boundary"
"src/app/components/lawyer/RoyalLawyerProfile/components/textStudio/TextBlockStylePanel.tsx","156","article","profile-studio-option-grid profile-studio-option-grid--sizes","3","WONTFIX","no low-risk swap markers; preserve ZVF boundary"
"src/app/components/lawyer/RoyalLawyerProfile/components/textStudio/TextBlockStylePanel.tsx","178","article","profile-studio-option-grid profile-studio-option-grid--fonts","3","WONTFIX","no low-risk swap markers; preserve ZVF boundary"
"src/app/components/lawyer/RoyalLawyerProfile/components/textStudio/TextBlockStyleScopeTabs.tsx","24","article","profile-studio-scope-tabs","3","WONTFIX","no low-risk swap markers; preserve ZVF boundary"
"src/app/components/lawyer/seizedAssetsManager/SeizedAssetsModalHeader.tsx","11","header","","2","WONTFIX","3-swap cap reached"
"src/app/components/lawyer/smart-modal/AppealTransitionModalAppealTypeSection.tsx","26","section","","3","WONTFIX","no low-risk swap markers; preserve ZVF boundary"
"src/app/components/lawyer/smart-modal/AppealTransitionModalHeader.tsx","19","header","","2","WONTFIX","3-swap cap reached"
"src/app/components/lawyer/smart-modal/FastTrackModal.tsx","126","header","","2","WONTFIX","3-swap cap reached"
"src/app/components/lawyer/smart-modal/layout/mainPanel/JoinCoObjectorFooterControl.tsx","42","header","","2","WONTFIX","3-swap cap reached"
"src/app/components/lawyer/smart-modal/layout/mainPanel/SmartFileStageFooterBar.tsx","177","footer","basis-full","3","WONTFIX","no low-risk swap markers; preserve ZVF boundary"
"src/app/components/lawyer/smart-modal/layout/mainPanel/SmartFileStageFooterBar.tsx","180","footer","flex-1 min-w-[7.5rem]","3","WONTFIX","no low-risk swap markers; preserve ZVF boundary"
"src/app/components/lawyer/smart-modal/layout/mainPanel/SmartFileStageFooterBar.tsx","183","footer","flex-1 min-w-[7.5rem]","3","WONTFIX","no low-risk swap markers; preserve ZVF boundary"
"src/app/components/lawyer/smart-modal/modals/appealObjection/JudicialNotificationModal.tsx","45","header","","2","WONTFIX","3-swap cap reached"
"src/app/components/lawyer/smart-modal/modals/appealObjection/OpponentAbsentObjectionModal.tsx","59","header","","2","WONTFIX","3-swap cap reached"
"src/app/components/lawyer/smart-modal/modals/contentEntry/AddPaymentModal.tsx","22","section","","3","WONTFIX","no low-risk swap markers; preserve ZVF boundary"
"src/app/components/lawyer/smart-modal/modals/contentEntry/shared.tsx","33","header","","2","WONTFIX","3-swap cap reached"
"src/app/components/lawyer/smart-modal/modals/contentEntry/shared.tsx","326","section","","3","WONTFIX","no low-risk swap markers; preserve ZVF boundary"
"src/app/components/lawyer/smart-modal/modals/extraordinaryAppealModal.tsx","31","section","","3","WONTFIX","no low-risk swap markers; preserve ZVF boundary"
"src/app/components/lawyer/smart-modal/modals/flow-modals/AddProvisionalOrderModal.tsx","37","section","","3","WONTFIX","no low-risk swap markers; preserve ZVF boundary"
"src/app/components/lawyer/smart-modal/modals/flow-modals/InterruptionModal.tsx","59","header","","2","WONTFIX","3-swap cap reached"
"src/app/components/lawyer/smart-modal/modals/flow-modals/NextHearingResumeModal.tsx","70","header","","2","WONTFIX","3-swap cap reached"
"src/app/components/lawyer/smart-modal/modals/flow-modals/PauseCaseModal.tsx","42","header","","2","WONTFIX","3-swap cap reached"
"src/app/components/lawyer/smart-modal/parts/AdjournPleadingModal.tsx","55","header","","2","WONTFIX","3-swap cap reached"
"src/app/components/lawyer/smart-modal/parts/CaseFlowActionsPanel.tsx","269","header","","2","WONTFIX","3-swap cap reached"
"src/app/components/lawyer/smart-modal/parts/CaseFlowActionsPanel.tsx","286","section","","3","WONTFIX","no low-risk swap markers; preserve ZVF boundary"
"src/app/components/lawyer/smart-modal/parts/CaseFlowConfirmDialog.tsx","48","header","","2","WONTFIX","3-swap cap reached"
"src/app/components/lawyer/smart-modal/parts/CivilLawReferenceHub.tsx","78","header","","2","WONTFIX","3-swap cap reached"
"src/app/components/lawyer/smart-modal/parts/judgment/JudgmentBoundMeritToggle.tsx","20","section","","3","WONTFIX","3-swap cap reached"
"src/app/components/lawyer/smart-modal/parts/judgment/JudgmentCassationGroundsScope.tsx","16","section","","3","WONTFIX","no low-risk swap markers; preserve ZVF boundary"
"src/app/components/lawyer/smart-modal/parts/judgment/JudgmentDateField.tsx","33","section","","3","WONTFIX","no low-risk swap markers; preserve ZVF boundary"
"src/app/components/lawyer/smart-modal/parts/judgment/JudgmentDateField.tsx","71","section","","3","WONTFIX","no low-risk swap markers; preserve ZVF boundary"
"src/app/components/lawyer/smart-modal/parts/judgment/JudgmentDefendantFormList.tsx","39","section","","3","WONTFIX","3-swap cap reached"
"src/app/components/lawyer/smart-modal/parts/judgment/JudgmentFormToggle.tsx","18","section","","3","WONTFIX","no low-risk swap markers; preserve ZVF boundary"
"src/app/components/lawyer/smart-modal/parts/SessionAndRequestsHub.tsx","320","header","","2","WONTFIX","3-swap cap reached"
"src/app/components/lawyer/smart-modal/parts/SessionAndRequestsHub.tsx","382","footer","","3","WONTFIX","no low-risk swap markers; preserve ZVF boundary"
"src/app/components/lawyer/smart-modal/parts/SessionHearingsRegister.tsx","86","section","","3","WONTFIX","no low-risk swap markers; preserve ZVF boundary"
"src/app/components/lawyer/smart-modal/parts/SessionHearingsRegister.tsx","93","section","","3","WONTFIX","no low-risk swap markers; preserve ZVF boundary"
"src/app/components/lawyer/smart-modal/parts/SessionRecordForm.tsx","100","section","","3","WONTFIX","no low-risk swap markers; preserve ZVF boundary"
"src/app/components/lawyer/smart-modal/parts/SessionRecordForm.tsx","115","section","","3","WONTFIX","no low-risk swap markers; preserve ZVF boundary"
"src/app/components/lawyer/smart-modal/parts/SmartRequestsPanel.tsx","136","header","","3","WONTFIX","no low-risk swap markers; preserve ZVF boundary"
"src/app/components/lawyer/smart-modal/procedural-modals/AppealBriefOutcomeModal.tsx","39","section","","3","WONTFIX","no low-risk swap markers; preserve ZVF boundary"
"src/app/components/lawyer/smart-modal/procedural-modals/AppealBriefOutcomeModal.tsx","40","section","","3","WONTFIX","no low-risk swap markers; preserve ZVF boundary"
"src/app/components/lawyer/smart-modal/procedural-modals/AppealBriefOutcomeModal.tsx","41","header","","2","WONTFIX","3-swap cap reached"
"src/app/components/lawyer/smart-modal/smart-header/SmartHeaderMain.tsx","50","section","","3","WONTFIX","no low-risk swap markers; preserve ZVF boundary"
"src/app/components/lawyer/smart-modal/smart-header/SmartHeaderMain.tsx","51","section","","3","WONTFIX","no low-risk swap markers; preserve ZVF boundary"
"src/app/components/lawyer/smart-modal/smartFile/smartModalChrome.tsx","26","header","","2","WONTFIX","3-swap cap reached"
"src/app/components/lawyer/smart-modal/SmartFileModalContent.tsx","272","section","","3","WONTFIX","no low-risk swap markers; preserve ZVF boundary"
"src/app/components/lawyer/smart-modal/SmartJudgmentModal.tsx","523","header","","2","WONTFIX","3-swap cap reached"
"src/app/components/lawyer/smart-modal/SmartJudgmentModal.tsx","566","section","","3","WONTFIX","no low-risk swap markers; preserve ZVF boundary"
"src/app/components/lawyer/SmartLegalRadar/RadarMonthNav.tsx","31","nav","","3","WONTFIX","no low-risk swap markers; preserve ZVF boundary"
"src/app/components/lawyer/SmartLegalRadar/RadarSelectedDaySection.tsx","36","section","relative space-y-2 pb-3","3","WONTFIX","3-swap cap reached"
"src/app/components/lawyer/SmartRepository/RepositoryAddMenu.tsx","68","nav","relative shrink-0","3","WONTFIX","no low-risk swap markers; preserve ZVF boundary"
"src/app/components/lawyer/SmartRepository/RepositoryCardFrame.tsx","32","header","shrink-0 sm:w-[5.75rem] sm:pt-0.5 space-y-1","3","WONTFIX","no low-risk swap markers; preserve ZVF boundary"
"src/app/components/lawyer/SmartRepository/RepositoryCardFrame.tsx","47","header","mb-1.5","3","WONTFIX","no low-risk swap markers; preserve ZVF boundary"
"src/app/components/lawyer/SmartRepository/RepositoryCardFrame.tsx","49","footer","mt-auto pt-1.5 border-t border-white/[0.06]","3","WONTFIX","no low-risk swap markers; preserve ZVF boundary"
"src/app/components/lawyer/SmartRepository/RepositoryControlsSection.tsx","69","header","hami-repository-controls-toolbar px-3 pt-2 pb-1.5 shrink-0","3","WONTFIX","no low-risk swap markers; preserve ZVF boundary"
"src/app/components/lawyer/SmartRepository/RepositoryControlsSection.tsx","70","header","hami-repository-controls-toolbar__search","3","WONTFIX","no low-risk swap markers; preserve ZVF boundary"
"src/app/components/lawyer/SmartRepository/RepositoryRoomMenu.tsx","90","nav","","3","WONTFIX","no low-risk swap markers; preserve ZVF boundary"
"src/app/components/lawyer/SmartRepository/RepositoryRoomMenu.tsx","128","footer","","3","WONTFIX","no low-risk swap markers; preserve ZVF boundary"
"src/app/components/lawyer/SmartRepositoryModal.tsx","154","header","","3","WONTFIX","no low-risk swap markers; preserve ZVF boundary"
"src/app/components/lawyer/SmartVaultModal/VaultUploadMetaSheet.tsx","95","section","","3","WONTFIX","no low-risk swap markers; preserve ZVF boundary"
"src/app/components/lawyer/TransactionsThreading/taskThread/TaskThreadDialogs.tsx","48","footer","mt-4 flex flex-wrap justify-start gap-2","3","WONTFIX","no low-risk swap markers; preserve ZVF boundary"
"src/app/components/lawyer/TransactionsThreading/transactionsTheme/chrome.tsx","139","footer","","3","WONTFIX","no low-risk swap markers; preserve ZVF boundary"
"src/app/components/lawyer/TransactionsThreading/TxThreadDialogFrame.tsx","31","footer","flex flex-col-reverse gap-2 sm:flex-row sm:justify-start","3","WONTFIX","no low-risk swap markers; preserve ZVF boundary"
"src/app/components/lawyer/View_Urgent_And_Orders_Dashboard/UrgentDashboardErrorFallbacks.tsx","60","header","hami-overlay-header-safe-pad shrink-0 border-b border-white/[0.07] px-4 pb-2","2","WONTFIX","3-swap cap reached"
