"file","line","has_open_div_onclick","has_class_name","class_name_value","has_onclick","has_onkeydown","has_role_button","has_tabindex","cursor_pointer","has_aria","tag_name","classification_initial"
"src/app/components/lawyer/HamiSettings/account/AccountLegalDocumentBody.tsx","6","","TRUE","hami-settings-sheet-body flex-1 min-h-0 min-w-0 overflow-y-auto overscroll-contain scrollbar-hide py-2 touch-pan-y","false","false","false","false","false","false","div","SAFE-presentation-wrapper"
"src/app/components/lawyer/HamiSettings/account/AccountLegalDocumentBody.tsx","10","","TRUE","space-y-2.5 max-w-xl mx-auto","false","false","false","false","false","false","div","SAFE-presentation-wrapper"
"src/app/components/lawyer/HamiSettings/account/AccountLegalDocumentHeader.tsx","33","","TRUE","min-w-0 flex-1","false","false","false","false","false","false","div","SAFE-presentation-wrapper"
"src/app/components/lawyer/HamiSettings/account/AccountSection.tsx","33","","TRUE","","false","false","false","false","false","false","div","SAFE-presentation-wrapper"
"src/app/components/lawyer/HamiSettings/account/AccountSessionRows.tsx","33","","TRUE","flex gap-2","false","false","false","false","false","false","div","SAFE-presentation-wrapper"
"src/app/components/lawyer/HamiSettings/account/AccountSessionRows.tsx","129","","TRUE","flex items-center gap-2","false","false","false","false","false","false","div","SAFE-presentation-wrapper"
"src/app/components/lawyer/HamiSettings/appearance/AppearanceBlockControlSection.tsx","13","","TRUE","mb-2 last:mb-0","false","false","false","false","false","false","div","SAFE-presentation-wrapper"
"src/app/components/lawyer/HamiSettings/appearance/AppearanceBlockControlSection.tsx","14","","TRUE","flex items-start justify-between gap-2 mb-1.5","false","false","false","false","false","false","div","SAFE-presentation-wrapper"
"src/app/components/lawyer/HamiSettings/appearance/AppearanceBlockControlSection.tsx","16","","TRUE","shrink-0","false","false","false","false","false","false","div","SAFE-presentation-wrapper"
"src/app/components/lawyer/HamiSettings/appearance/AppearanceBlockCustomizePanel.tsx","14","","TRUE","space-y-2.5","false","false","false","false","false","false","div","SAFE-presentation-wrapper"
"src/app/components/lawyer/HamiSettings/appearance/AppearanceBlockCustomizeSheet.tsx","90","","TRUE","min-w-0 flex-1","false","false","false","false","false","false","div","SAFE-presentation-wrapper"
"src/app/components/lawyer/HamiSettings/appearance/AppearanceBlockCustomizeSheet.tsx","112","","TRUE","hami-settings-sheet-body flex-1 min-h-0 min-w-0 overflow-y-auto overscroll-contain scrollbar-hide py-2","false","false","false","false","false","false","div","SAFE-presentation-wrapper"
"src/app/components/lawyer/HamiSettings/appearance/AppearanceBlockPatternGrid.tsx","24","","TRUE","hami-appearance-pattern-grid","false","false","false","false","false","false","div","SAFE-presentation-wrapper"
"src/app/components/lawyer/HamiSettings/appearance/AppearanceBlockPatternGrid.tsx","44","","TRUE","absolute inset-0","false","false","false","false","false","false","div","SAFE-presentation-wrapper"
"src/app/components/lawyer/HamiSettings/appearance/AppearanceBlockPicker.tsx","13","","TRUE","flex flex-wrap gap-1.5","false","false","false","false","false","true","div","SAFE-presentation-wrapper"
"src/app/components/lawyer/HamiSettings/appearance/AppearanceBlockStyleControls.tsx","29","","TRUE","disabled ? 'opacity-40 pointer-events-none' : ''","false","false","false","false","false","false","div","SAFE-presentation-wrapper"
"src/app/components/lawyer/HamiSettings/appearance/AppearanceChapterList.tsx","52","","TRUE","`hami-appearance-chapter ${open ? 'is-open' : ''","false","false","false","false","false","false","div","SAFE-presentation-wrapper"
"src/app/components/lawyer/HamiSettings/appearance/AppearanceChapterList.tsx","58","","TRUE","hami-appearance-chapter-panel","false","false","false","false","false","true","div","SAFE-presentation-wrapper"
"src/app/components/lawyer/HamiSettings/appearance/AppearanceFramedContainerBorderRow.tsx","21","true","TRUE","hami-appearance-framed-toggle-row mb-2 min-h-[44px] touch-manipulation","true","false","false","false","false","false","div","NEEDS-REVIEW-action-missing-semantics"
"src/app/components/lawyer/HamiSettings/appearance/AppearanceSection.tsx","31","","TRUE","","false","false","false","false","false","false","div","SAFE-presentation-wrapper"
"src/app/components/lawyer/HamiSettings/appearance/AppearanceThemeAndSurfaceCard.tsx","45","","TRUE","px-3 py-2","false","false","false","false","false","false","div","SAFE-presentation-wrapper"
"src/app/components/lawyer/HamiSettings/appearance/AppearanceThemeAndSurfaceCard.tsx","46","","TRUE","flex items-center justify-between gap-2 mb-2","false","false","false","false","false","false","div","SAFE-presentation-wrapper"
"src/app/components/lawyer/HamiSettings/appearance/AppearanceThemeAndSurfaceCard.tsx","57","","TRUE","hami-appearance-theme-grid","false","false","false","false","false","false","div","SAFE-presentation-wrapper"
"src/app/components/lawyer/HamiSettings/appearance/AppearanceThemeSwatchGrid.tsx","15","","TRUE","hami-appearance-theme-grid hami-appearance-theme-grid--compact","false","false","false","false","false","false","div","SAFE-presentation-wrapper"
"src/app/components/lawyer/HamiSettings/appearance/AppearanceWallpaperCard.tsx","23","","TRUE","relative z-[1] overflow-visible px-3 py-2","false","false","false","false","false","false","div","SAFE-presentation-wrapper"
"src/app/components/lawyer/HamiSettings/appearance/AppearanceWallpaperCard.tsx","24","","TRUE","flex items-center gap-2.5","false","false","false","false","false","false","div","SAFE-presentation-wrapper"
"src/app/components/lawyer/HamiSettings/appearance/AppearanceWallpaperCard.tsx","25","","TRUE","relative z-[2] h-10 w-14 overflow-hidden rounded-lg ring-1 ring-white/10 shrink-0","false","false","false","false","false","false","div","SAFE-presentation-wrapper"
"src/app/components/lawyer/HamiSettings/appearance/AppearanceWallpaperCard.tsx","29","","TRUE","w-full h-full","false","false","false","false","false","false","div","SAFE-presentation-wrapper"
"src/app/components/lawyer/HamiSettings/appearance/AppearanceWallpaperCard.tsx","70","","TRUE","mt-2 min-h-[44px] rounded-xl border border-white/[0.08] bg-black/20","false","false","false","false","false","true","div","SAFE-presentation-wrapper"
"src/app/components/lawyer/HamiSettings/appearance/WallpaperEditorPanel.tsx","38","","TRUE","mt-2 rounded-xl border border-white/[0.08] bg-black/20 p-2","false","false","false","false","false","false","div","SAFE-presentation-wrapper"
"src/app/components/lawyer/HamiSettings/appearance/WallpaperEditorPanel.tsx","42","","TRUE","flex items-center gap-2 mb-2","false","false","false","false","false","false","div","SAFE-presentation-wrapper"
"src/app/components/lawyer/HamiSettings/appearance/WallpaperEditorPanel.tsx","50","","TRUE","`relative mx-auto w-full max-w-[11.5rem] overflow-hidden rounded-xl ring-1 ring-[#E6C673]/35 touch-none select-none ${SE","false","false","false","false","false","false","div","SAFE-presentation-wrapper"
"src/app/components/lawyer/HamiSettings/appearance/WallpaperEditorPanel.tsx","60","","TRUE","absolute left-0 top-0 will-change-transform","false","false","false","false","false","false","div","SAFE-presentation-wrapper"
"src/app/components/lawyer/HamiSettings/appearance/WallpaperEditorPanel.tsx","75","","TRUE","pointer-events-none absolute inset-0 bg-black/25","false","false","false","false","false","true","div","SAFE-presentation-wrapper"
"src/app/components/lawyer/HamiSettings/appearance/WallpaperEditorPanel.tsx","80","","TRUE","pointer-events-none absolute inset-0 border border-white/10","false","false","false","false","false","true","div","SAFE-presentation-wrapper"
"src/app/components/lawyer/HamiSettings/appearance/WallpaperEditorPanel.tsx","105","","TRUE","mt-2 flex gap-2","false","false","false","false","false","false","div","SAFE-presentation-wrapper"
"src/app/components/lawyer/HamiSettings/data/BusinessBackupExportPanel.tsx","13","","TRUE","px-3 pb-3 border-b border-white/[0.04]","false","false","false","false","false","false","div","SAFE-presentation-wrapper"
"src/app/components/lawyer/HamiSettings/data/BusinessBackupExportPanel.tsx","17","","TRUE","text-[11px] text-white/50 mb-2","false","false","false","false","false","false","div","SAFE-presentation-wrapper"
"src/app/components/lawyer/HamiSettings/data/BusinessBackupExportPanel.tsx","18","","TRUE","grid grid-cols-2 gap-2 mb-3","false","false","false","false","false","false","div","SAFE-presentation-wrapper"
"src/app/components/lawyer/HamiSettings/data/BusinessBackupExportPanel.tsx","27","","TRUE","flex items-center justify-between bg-white/5 border border-white/10 rounded-xl px-3 py-2","false","false","false","false","false","false","div","SAFE-presentation-wrapper"
"src/app/components/lawyer/HamiSettings/data/BusinessBackupExportPanel.tsx","35","","TRUE","flex items-center justify-between bg-white/5 border border-white/10 rounded-xl px-3 py-2 col-span-2","false","false","false","false","false","false","div","SAFE-presentation-wrapper"
"src/app/components/lawyer/HamiSettings/data/BusinessBackupExportPanel.tsx","45","","TRUE","flex gap-2 mb-2","false","false","false","false","false","false","div","SAFE-presentation-wrapper"
"src/app/components/lawyer/HamiSettings/data/BusinessBackupExportPanel.tsx","65","","TRUE","flex items-center justify-between bg-white/5 border border-white/10 rounded-xl px-3 py-2 mb-3","false","false","false","false","false","false","div","SAFE-presentation-wrapper"
"src/app/components/lawyer/HamiSettings/data/BusinessBackupExportPanel.tsx","74","","TRUE","bg-black/20 border border-white/[0.06] rounded-xl p-3 mb-3","false","false","false","false","false","false","div","SAFE-presentation-wrapper"
"src/app/components/lawyer/HamiSettings/data/BusinessBackupExportPanel.tsx","75","","TRUE","flex justify-between text-[11px] text-white/70","false","false","false","false","false","false","div","SAFE-presentation-wrapper"
"src/app/components/lawyer/HamiSettings/data/BusinessBackupExportPanel.tsx","83","","TRUE","mt-2 grid grid-cols-2 gap-2 text-[10px] text-white/55","false","false","false","false","false","false","div","SAFE-presentation-wrapper"
"src/app/components/lawyer/HamiSettings/data/BusinessBackupExportPanel.tsx","108","","TRUE","col-span-2","false","false","false","false","false","false","div","SAFE-presentation-wrapper"
"src/app/components/lawyer/HamiSettings/data/BusinessBackupExportPanel.tsx","114","","TRUE","flex gap-2","false","false","false","false","false","false","div","SAFE-presentation-wrapper"
"src/app/components/lawyer/HamiSettings/data/BusinessBackupImportPreview.tsx","31","","TRUE","px-3 pb-3 border-b border-white/[0.04]","false","false","false","false","false","false","div","SAFE-presentation-wrapper"
"src/app/components/lawyer/HamiSettings/data/BusinessBackupImportPreview.tsx","32","","TRUE","text-[11px] text-white/60 mb-2","false","false","false","false","false","false","div","SAFE-presentation-wrapper"
"src/app/components/lawyer/HamiSettings/data/BusinessBackupImportPreview.tsx","33","","TRUE","bg-black/20 border border-white/[0.06] rounded-xl p-3 mb-3","false","false","false","false","false","false","div","SAFE-presentation-wrapper"
"src/app/components/lawyer/HamiSettings/data/BusinessBackupImportPreview.tsx","34","","TRUE","flex justify-between text-[11px] text-white/70","false","false","false","false","false","false","div","SAFE-presentation-wrapper"
"src/app/components/lawyer/HamiSettings/data/BusinessBackupImportPreview.tsx","41","","TRUE","text-[10px] text-white/45 mt-1","false","false","false","false","false","false","div","SAFE-presentation-wrapper"
"src/app/components/lawyer/HamiSettings/data/BusinessBackupImportPreview.tsx","43","","TRUE","mt-2 grid grid-cols-2 gap-2 text-[10px] text-white/55","false","false","false","false","false","false","div","SAFE-presentation-wrapper"
"src/app/components/lawyer/HamiSettings/data/BusinessBackupImportPreview.tsx","60","","TRUE","col-span-2","false","false","false","false","false","false","div","SAFE-presentation-wrapper"
"src/app/components/lawyer/HamiSettings/data/BusinessBackupImportPreview.tsx","61","","TRUE","col-span-2","false","false","false","false","false","false","div","SAFE-presentation-wrapper"
"src/app/components/lawyer/HamiSettings/data/BusinessBackupImportPreview.tsx","63","","TRUE","mt-2 max-h-28 overflow-y-auto scrollbar-hide text-[10px] text-white/45 border-t border-white/[0.06] pt-2","false","false","false","false","false","false","div","SAFE-presentation-wrapper"
"src/app/components/lawyer/HamiSettings/data/BusinessBackupImportPreview.tsx","65","","TRUE","truncate","false","false","false","false","false","false","div","SAFE-presentation-wrapper"
"src/app/components/lawyer/HamiSettings/data/BusinessBackupImportPreview.tsx","71","","TRUE","flex gap-2","false","false","false","false","false","false","div","SAFE-presentation-wrapper"
"src/app/components/lawyer/HamiSettings/data/BusinessBackupSection.tsx","77","","TRUE","flex gap-2","false","false","false","false","false","false","div","SAFE-presentation-wrapper"
"src/app/components/lawyer/HamiSettings/data/DataDangerZone.tsx","58","","TRUE","flex items-center gap-2","false","false","false","false","false","false","div","SAFE-presentation-wrapper"
"src/app/components/lawyer/HamiSettings/data/DataSection.tsx","20","","TRUE","","false","false","false","false","false","false","div","SAFE-presentation-wrapper"
"src/app/components/lawyer/HamiSettings/data/DataSyncCard.tsx","37","","TRUE","flex items-center gap-2","false","false","false","false","false","false","div","SAFE-presentation-wrapper"
"src/app/components/lawyer/HamiSettings/security/SecuritySection.tsx","17","","TRUE","","false","false","false","false","false","false","div","SAFE-presentation-wrapper"
"src/app/components/lawyer/HamiSettings/security/SecuritySection.tsx","19","","TRUE","mb-2 px-3 py-1.5 rounded-xl border border-amber-500/20 bg-amber-500/[0.08]","false","false","false","false","false","false","div","SAFE-presentation-wrapper"
"src/app/components/lawyer/HamiSettings/settings-ui/Segmented.tsx","59","","TRUE","`flex gap-0.5 p-0.5 rounded-lg w-full flex-wrap ${SETTING_GLASS_INNER","false","false","false","false","false","true","div","SAFE-presentation-wrapper"
"src/app/components/lawyer/HamiSettings/settings-ui/SelectRow.tsx","24","","TRUE","`px-3 py-1.5 ${SETTING_ROW_BORDER","false","false","false","false","false","false","div","SAFE-presentation-wrapper"
"src/app/components/lawyer/HamiSettings/settings-ui/SelectRow.tsx","25","","TRUE","flex min-w-0 items-center gap-2.5","false","false","false","false","false","false","div","SAFE-presentation-wrapper"
"src/app/components/lawyer/HamiSettings/settings-ui/SelectRow.tsx","27","","TRUE","`${SETTING_ICON_BOX","false","false","false","false","false","false","div","SAFE-presentation-wrapper"
"src/app/components/lawyer/HamiSettings/settings-ui/SelectRow.tsx","36","","TRUE","mt-1.5","false","false","false","false","false","false","div","SAFE-presentation-wrapper"
"src/app/components/lawyer/HamiSettings/settings-ui/SettingCard.tsx","11","","TRUE","`${SETTING_GLASS","false","false","false","false","false","false","div","SAFE-presentation-wrapper"
"src/app/components/lawyer/HamiSettings/settings-ui/SettingRow.tsx","64","true","TRUE","`flex items-center justify-between gap-2 px-3 py-1.5 min-h-[44px] touch-manipulation ${!isLast ? SETTING_ROW_BORDER : ''","true","false","false","false","false","false","div","NEEDS-REVIEW-action-missing-semantics"
"src/app/components/lawyer/HamiSettings/settings-ui/SettingRow.tsx","69","","TRUE","flex min-w-0 flex-1 items-center gap-2.5","false","false","false","false","false","false","div","SAFE-presentation-wrapper"
"src/app/components/lawyer/HamiSettings/settings-ui/SettingRow.tsx","70","","TRUE","`${SETTING_ICON_BOX","false","false","false","false","false","false","div","SAFE-presentation-wrapper"
"src/app/components/lawyer/HamiSettings/settings-ui/SettingRow.tsx","73","","TRUE","min-w-0","false","false","false","false","false","false","div","SAFE-presentation-wrapper"
"src/app/components/lawyer/HamiSettings/settings-ui/SettingRow.tsx","74","","TRUE","text-[13px] font-medium text-white/95 truncate","false","false","false","false","false","false","div","SAFE-presentation-wrapper"
"src/app/components/lawyer/HamiSettings/settings-ui/SettingRow.tsx","91","","TRUE","relative z-[2] shrink-0","false","false","false","false","false","false","div","SAFE-presentation-wrapper"
"src/app/components/lawyer/HamiSettings/settings-ui/SettingsToggleTrack.tsx","5","","TRUE","`pointer-events-none relative h-6 w-10 rounded-full hami-settings-toggle-track ${on ? 'bg-[#E6C673]' : 'bg-white/10'","false","false","false","false","false","true","div","SAFE-presentation-wrapper"
"src/app/components/lawyer/HamiSettings/settings-ui/SettingsToggleTrack.tsx","9","","TRUE","`pointer-events-none absolute top-1 right-1 h-4 w-4 rounded-full bg-white hami-settings-toggle-thumb ${on ? '-translate-","false","false","false","false","false","false","div","SAFE-presentation-wrapper"
"src/app/components/lawyer/HamiSettings/SettingsErrorBoundary.tsx","25","","TRUE","fixed inset-0 z-[150] flex flex-col items-center justify-center px-6 bg-[#0B1021]","false","false","false","false","false","true","div","SAFE-presentation-wrapper"
"src/app/components/lawyer/HamiSettings/SettingsNestedSheetFrame.tsx","57","","TRUE","`hami-settings-sheet-scrim ${extraRootClassName","false","false","false","false","false","false","div","SAFE-presentation-wrapper"
"src/app/components/lawyer/HamiSettings/SettingsNestedSheetFrame.tsx","70","","TRUE","","false","false","false","false","false","false","div","SAFE-presentation-wrapper"
"src/app/components/lawyer/HamiSettings/SettingsSectionInstantSlots.tsx","6","","TRUE","space-y-2 py-2","false","false","false","false","false","true","div","SAFE-presentation-wrapper"
"src/app/components/lawyer/HamiSettings/SettingsSectionInstantSlots.tsx","7","","TRUE","`min-h-[44px] ${SETTING_GLASS_INNER","false","false","false","false","false","false","div","SAFE-presentation-wrapper"
"src/app/components/lawyer/HamiSettings/SettingsSectionInstantSlots.tsx","8","","TRUE","`min-h-[44px] ${SETTING_GLASS_INNER","false","false","false","false","false","false","div","SAFE-presentation-wrapper"
"src/app/components/lawyer/HamiSettings/SettingsSectionInstantSlots.tsx","9","","TRUE","`min-h-[44px] ${SETTING_GLASS_INNER","false","false","false","false","false","false","div","SAFE-presentation-wrapper"
"src/app/components/lawyer/HamiSettings/SettingsSectionReveal.tsx","68","","TRUE","relative","false","false","false","false","false","false","div","SAFE-presentation-wrapper"
"src/app/components/lawyer/HamiSettings/SettingsSectionReveal.tsx","70","","TRUE","","false","false","false","false","false","false","div","SAFE-presentation-wrapper"
"src/app/components/lawyer/HamiSettings/SettingsSectionReveal.tsx","74","","TRUE","
                    cover ? 'pointer-events-none absolute inset-inline-0 top-0 opacity-0' : undefined
               ","false","false","false","false","false","true","div","SAFE-presentation-wrapper"
"src/app/components/lawyer/HamiSettings/SettingsSectionRouter.tsx","110","","TRUE","hami-settings-section-frame mx-auto w-full","false","false","false","false","false","false","div","SAFE-presentation-wrapper"
"src/app/components/lawyer/HamiSettings/SettingsSectionRouter.tsx","116","","TRUE","","false","false","false","false","false","true","div","SAFE-presentation-wrapper"
"src/app/components/lawyer/HamiSettings/SettingsShell.tsx","57","","TRUE","absolute inset-0 flex flex-col overflow-hidden overscroll-none font-sans","false","false","false","false","false","true","div","SAFE-presentation-wrapper"
"src/app/components/lawyer/HamiSettings/SettingsShell.tsx","74","","TRUE","relative z-[1] flex h-full min-h-0 flex-col","false","false","false","false","false","false","div","SAFE-presentation-wrapper"
"src/app/components/lawyer/HamiSettings/SettingsShell.tsx","82","","TRUE","hami-settings-scroll-panel flex-1 min-h-0 min-w-0 overflow-y-auto pb-[max(1rem;env(safe-area-inset-bottom))] scrollbar-h","false","false","false","false","false","true","div","SAFE-presentation-wrapper"
"src/app/components/lawyer/HamiSettings/SettingsShellHeader.tsx","63","","TRUE","hami-settings-header-inner","false","false","false","false","false","false","div","SAFE-presentation-wrapper"
"src/app/components/lawyer/HamiSettings/SettingsShellHeader.tsx","64","","TRUE","flex items-center justify-between gap-2 mb-1","false","false","false","false","false","false","div","SAFE-presentation-wrapper"
"src/app/components/lawyer/HamiSettings/SettingsShellHeader.tsx","65","","TRUE","min-w-0","false","false","false","false","false","false","div","SAFE-presentation-wrapper"
"src/app/components/lawyer/RoyalLawyerProfile/components/settings/ProfileCanvasBackgroundEditor.tsx","43","","TRUE","fixed inset-0 z-[320] flex flex-col bg-[#05060D]/96 backdrop-blur-md hami-overlay-safe-insets px-4","false","false","false","false","false","true","div","SAFE-presentation-wrapper"
"src/app/components/lawyer/RoyalLawyerProfile/components/settings/ProfileCanvasBackgroundEditor.tsx","52","","TRUE","flex items-center justify-between gap-3 shrink-0 py-2","false","false","false","false","false","false","div","SAFE-presentation-wrapper"
"src/app/components/lawyer/RoyalLawyerProfile/components/settings/ProfileCanvasBackgroundEditor.tsx","69","","TRUE","relative mx-auto w-full max-w-[min(100%;520px)] overflow-hidden rounded-2xl border border-[#E6C673]/25 bg-[#0A0F1C] touc","false","false","false","false","false","true","div","SAFE-presentation-wrapper"
"src/app/components/lawyer/RoyalLawyerProfile/components/settings/ProfileCanvasBackgroundEditor.tsx","89","","TRUE","pointer-events-none absolute inset-0 bg-black/25","false","false","false","false","false","true","div","SAFE-presentation-wrapper"
"src/app/components/lawyer/RoyalLawyerProfile/components/settings/ProfileCanvasBackgroundEditor.tsx","91","","TRUE","pointer-events-none absolute inset-0 ring-1 ring-inset ring-[#E6C673]/35 shadow-[inset_0_0_0_1px_rgba(0;0;0;0.35)]","false","false","false","false","false","true","div","SAFE-presentation-wrapper"
"src/app/components/lawyer/RoyalLawyerProfile/components/settings/ProfileCanvasBackgroundEditor.tsx","97","","TRUE","mt-4 space-y-3 max-w-[min(100%;520px)] mx-auto w-full shrink-0","false","false","false","false","false","false","div","SAFE-presentation-wrapper"
"src/app/components/lawyer/RoyalLawyerProfile/components/settings/ProfileCanvasBackgroundEditor.tsx","124","","TRUE","mt-auto pt-4 flex gap-2 max-w-[min(100%;520px)] mx-auto w-full shrink-0","false","false","false","false","false","false","div","SAFE-presentation-wrapper"
"src/app/components/lawyer/RoyalLawyerProfile/components/settings/ProfileSettingsAppearanceTab.tsx","24","","TRUE","space-y-4 pb-2","false","false","false","false","false","true","div","SAFE-presentation-wrapper"
"src/app/components/lawyer/RoyalLawyerProfile/components/settings/ProfileSettingsAppearanceTab.tsx","33","","TRUE","grid grid-cols-3 gap-2","false","false","false","false","false","false","div","SAFE-presentation-wrapper"
"src/app/components/lawyer/RoyalLawyerProfile/components/settings/ProfileSettingsAppearanceTab.tsx","62","","TRUE","grid grid-cols-2 gap-2","false","false","false","false","false","false","div","SAFE-presentation-wrapper"
"src/app/components/lawyer/RoyalLawyerProfile/components/settings/ProfileSettingsAppearanceTab.tsx","88","","TRUE","grid grid-cols-1 gap-2 sm:grid-cols-2","false","false","false","false","false","false","div","SAFE-presentation-wrapper"
"src/app/components/lawyer/RoyalLawyerProfile/components/settings/ProfileSettingsBlockCard.tsx","60","","TRUE","profile-settings-block-card","false","false","false","false","false","false","div","SAFE-presentation-wrapper"
"src/app/components/lawyer/RoyalLawyerProfile/components/settings/ProfileSettingsBlockCard.tsx","61","","TRUE","profile-settings-block-head","false","false","false","false","false","false","div","SAFE-presentation-wrapper"
"src/app/components/lawyer/RoyalLawyerProfile/components/settings/ProfileSettingsBlockCard.tsx","121","","TRUE","profile-settings-block-body","false","false","false","false","false","false","div","SAFE-presentation-wrapper"
"src/app/components/lawyer/RoyalLawyerProfile/components/settings/ProfileSettingsContainersTab.tsx","78","","TRUE","space-y-3 pb-2","false","false","false","false","false","false","div","SAFE-presentation-wrapper"
"src/app/components/lawyer/RoyalLawyerProfile/components/settings/ProfileSettingsContainersTab.tsx","79","","TRUE","profile-settings-luxury-card p-1 profile-settings-container-tabs","false","false","false","false","false","false","div","SAFE-presentation-wrapper"
"src/app/components/lawyer/RoyalLawyerProfile/components/settings/ProfileSettingsContainersTab.tsx","130","","TRUE","space-y-2","false","false","false","false","false","false","div","SAFE-presentation-wrapper"
"src/app/components/lawyer/RoyalLawyerProfile/components/settings/ProfileSettingsContainersTab.tsx","162","","TRUE","space-y-2","false","false","false","false","false","false","div","SAFE-presentation-wrapper"
"src/app/components/lawyer/RoyalLawyerProfile/components/settings/ProfileSettingsSheetFooter.tsx","11","","TRUE","relative z-[1] p-3 border-t border-white/[0.05] pb-[max(0.85rem;env(safe-area-inset-bottom))]","false","false","false","false","false","false","div","SAFE-presentation-wrapper"
"src/app/components/lawyer/RoyalLawyerProfile/components/settings/ProfileSettingsSheetHeader.tsx","11","","TRUE","profile-settings-handle mx-auto mt-3 mb-3","false","false","false","false","false","true","div","SAFE-presentation-wrapper"
"src/app/components/lawyer/RoyalLawyerProfile/components/settings/ProfileSettingsSheetHeader.tsx","13","","TRUE","px-4 pb-2 flex items-center justify-between gap-3","false","false","false","false","false","false","div","SAFE-presentation-wrapper"
"src/app/components/lawyer/RoyalLawyerProfile/components/settings/ProfileSettingsSheetPanels.tsx","156","","TRUE","flex flex-col flex-1 min-h-0","false","false","false","false","false","false","div","SAFE-presentation-wrapper"
"src/app/components/lawyer/RoyalLawyerProfile/components/settings/ProfileSettingsSheetPanels.tsx","158","","TRUE","profile-settings-block-preview-dock shrink-0 px-4 pt-2 pb-2","false","false","false","false","false","false","div","SAFE-presentation-wrapper"
"src/app/components/lawyer/RoyalLawyerProfile/components/settings/ProfileSettingsSheetPanels.tsx","165","","TRUE","profile-settings-scroll-panel flex-1 overflow-y-auto px-4 py-2 min-h-0 overscroll-contain","false","false","false","false","false","false","div","SAFE-presentation-wrapper"
"src/app/components/lawyer/RoyalLawyerProfile/components/settings/ProfileSettingsSheetPanels.tsx","166","","TRUE","","false","false","false","false","false","true","div","SAFE-presentation-wrapper"
"src/app/components/lawyer/RoyalLawyerProfile/components/settings/ProfileSettingsSheetPanels.tsx","175","","TRUE","flex flex-col items-center justify-center gap-3 py-10 text-center","false","false","false","false","false","true","div","SAFE-presentation-wrapper"
"src/app/components/lawyer/RoyalLawyerProfile/components/settings/ProfileSettingsSheetTabBar.tsx","31","","TRUE","shrink-0 px-4 pb-2","false","false","false","false","false","false","div","SAFE-presentation-wrapper"
"src/app/components/lawyer/RoyalLawyerProfile/components/settings/ProfileSettingsSheetTabBar.tsx","32","","TRUE","profile-settings-luxury-card p-1 flex gap-1","false","true","false","false","false","true","div","NEEDS-FIX-interactive-div-not-button"
"src/app/components/lawyer/RoyalLawyerProfile/components/settings/ProfileSettingsTabSkeleton.tsx","6","","TRUE","space-y-3 py-1","false","false","false","false","false","true","div","SAFE-presentation-wrapper"
"src/app/components/lawyer/RoyalLawyerProfile/components/settings/ProfileSettingsTabSkeleton.tsx","7","","TRUE","h-14 rounded-2xl bg-white/[0.04] animate-pulse","false","false","false","false","false","false","div","SAFE-presentation-wrapper"
"src/app/components/lawyer/RoyalLawyerProfile/components/settings/ProfileSettingsTabSkeleton.tsx","8","","TRUE","h-14 rounded-2xl bg-white/[0.04] animate-pulse","false","false","false","false","false","false","div","SAFE-presentation-wrapper"
"src/app/components/lawyer/RoyalLawyerProfile/components/settings/ProfileSettingsTabSkeleton.tsx","9","","TRUE","h-10 rounded-xl bg-white/[0.03] animate-pulse w-2/3","false","false","false","false","false","false","div","SAFE-presentation-wrapper"
