file,line,col,category,message_snippet
src\app\api\auth\otp\authOtpStore.ts,28,18,throw-prefix-missing,"AUTH_OTP_PEPPER is required"
src\app\api\security\adminMailerSmtp.ts,149,9,throw-prefix-missing,"SMTP ${reply.code}"
src\app\api\security\adminMailerSmtp.ts,193,15,throw-prefix-missing,"SMTP not configured"
src\app\api\security\adminOtpStore.ts,31,9,throw-prefix-missing,"ADMIN_OTP_PEPPER is required"
src\app\api\security\headquartersAudit.ts,21,13,console-prod-use,"console.error('[hq-audit] admin client missing');"
src\app\api\security\headquartersAudit.ts,43,13,console-prod-use,"console.error('[hq-audit] insert failed', code);"
src\app\api\security\headquartersAudit.ts,48,9,console-prod-use,"console.error('[hq-audit] insert threw');"
src\app\api\security\hqOtpShift.ts,25,9,throw-prefix-missing,"HQ_OTP_SHIFT_FORMAT"
src\app\api\security\hqOtpShift.ts,37,9,throw-prefix-missing,"HQ_OTP_SHIFT_FORMAT"
src\app\api\security\hqOtpShift.ts,42,13,throw-prefix-missing,"HQ_OTP_SHIFT_ZERO"
src\app\api\security\kvStoreAdmin.ts,14,15,throw-prefix-missing,"KV admin client is not configured"
src\app\api\security\kvStoreAdmin.ts,21,15,throw-prefix-missing,"KV admin client is not configured"
src\app\api\security\kvStoreAdmin.ts,29,15,throw-prefix-missing,"KV admin client is not configured"
src\app\api\security\kvStoreAdmin.ts,42,5,throw-prefix-missing,"Unsafe KV prefix"
src\app\api\security\kvStoreAdmin.ts,53,11,throw-prefix-missing,"Unsafe KV prefix"
src\app\api\security\kvStoreAdmin.ts,69,15,throw-prefix-missing,"KV admin client is not configured"
src\app\api\security\kvStoreAdmin.ts,89,15,throw-prefix-missing,"KV admin client is not configured"
src\app\api\security\kvStoreAdmin.ts,145,15,throw-prefix-missing,"KV admin client is not configured"
src\app\api\security\kvStoreAdmin.ts,168,15,throw-prefix-missing,"KV admin client is not configured"
src\app\api\security\kvStoreAdmin.ts,250,15,throw-prefix-missing,"KV admin client is not configured"
src\app\api\security\kvStoreAdmin.ts,298,15,throw-prefix-missing,"KV admin client is not configured"
src\app\api\security\kvStoreAdmin.ts,313,15,throw-prefix-missing,"KV admin client is not configured"
src\app\api\security\stolenTokenStores.ts,62,17,throw-prefix-missing,"Redis session scan failed: ${scan.status}"
src\app\api\security\stolenTokenStores.ts,93,23,throw-prefix-missing,"Redis session set failed: ${response.status}"
src\app\api\security\stolenTokenStores.ts,115,17,throw-prefix-missing,"Supabase session store is not configured."
src\app\api\security\stolenTokenStores.ts,125,16,throw-prefix-missing,"Supabase session list failed: ${error.message}"
src\app\api\security\stolenTokenStores.ts,137,17,throw-prefix-missing,"Supabase session store is not configured."
src\app\api\security\stolenTokenStores.ts,150,16,throw-prefix-missing,"Supabase session upsert failed: ${error.message}"
src\app\api\security\stolenTokenStores.ts,160,17,throw-prefix-missing,"Supabase session store is not configured."
src\app\api\security\stolenTokenStores.ts,163,16,throw-prefix-missing,"Supabase session revoke failed: ${error.message}"
src\app\api\security\wifeNonceStore.ts,49,7,throw-prefix-missing,"Redis nonce store failed: ${response.status}"
src\app\api\security\wifeNonceStore.ts,64,39,throw-prefix-missing,"Supabase nonce store is not configured."
src\app\api\security\wifeNonceStore.ts,92,7,throw-prefix-missing,"Supabase nonce store failed: ${response.status}"
src\app\api\security\wifeRateLimitStore.ts,49,20,throw-prefix-missing,"Redis rate limit incr failed: ${incrRes.status}"
src\app\api\security\wifeRedisRest.ts,15,13,throw-prefix-missing,"Redis is not configured."
src\app\api\security\wifeSecurityMonitor.ts,73,5,console-prod-use,"console.warn(JSON.stringify(payload));"
src\app\api\security\wifeSecurityMonitor.ts,75,5,console-prod-use,"console.info('[WIFE rejection]', payload);"
src\app\api\settings\wipe\wipeUserStorageObjects.ts,43,13,throw-prefix-missing,"storage_list_failed:${bucket}:${category}:${error.message}"
src\app\api\settings\wipe\wipeUserStorageObjects.ts,71,13,throw-prefix-missing,"storage_remove_failed:${bucket}:${error.message}"
src\app\api\vercelNodeHandler.ts,107,9,console-prod-use,"console.error('[vercel-api]', e);"
src\app\bootstrap\LawyerDashboardBootErrorBoundary.tsx,27,9,console-prod-use,"console.error('[LawyerDashboardBoot] load/render failed:', error);"
src\app\bootstrap\LawyerDashboardBootErrorBoundary.tsx,28,9,console-prod-use,"console.error('[LawyerDashboardBoot] component stack:', errorInfo.componentStack);"
src\app\bootstrap\lawyerDashboardChunk.ts,49,17,console-prod-use,"console.warn('[preloadLawyerDashboardChunk] failed:', err);"
src\app\components\lawyer\CommunityScreen\CommunityErrorBoundary.tsx,26,13,console-prod-use,"console.error('[CommunityErrorBoundary]', error, info.componentStack);"
src\app\components\lawyer\CommunityScreen\hooks\runLegalRepositoryUploadSubmit.ts,52,9,throw-prefix-missing,"auth"
src\app\components\lawyer\CommunityScreen\hooks\runLegalRepositoryUploadSubmit.ts,59,9,throw-prefix-missing,"invalid-fields"
src\app\components\lawyer\CommunityScreen\hooks\runLegalRepositoryUploadSubmit.ts,64,9,throw-prefix-missing,"no-file"
src\app\components\lawyer\CommunityScreen\hooks\runLegalRepositoryUploadSubmit.ts,75,13,throw-prefix-missing,"invalid-file"
src\app\components\lawyer\CommunityScreen\hooks\runLegalRepositoryUploadSubmit.ts,94,17,throw-prefix-missing,"invalid-file"
src\app\components\lawyer\CommunityScreen\hooks\runLegalRepositoryUploadSubmit.ts,117,17,throw-prefix-missing,"persist-failed"
src\app\components\lawyer\CommunityScreen\hooks\runLegalRepositoryUploadSubmit.ts,123,13,throw-prefix-missing,"no-storage"
src\app\components\lawyer\CommunityScreen\hooks\runLegalRepositoryUploadSubmit.ts,161,17,throw-prefix-missing,"cloud-failed"
src\app\components\lawyer\CommunityScreen\hooks\runLegalRepositoryUploadSubmit.ts,197,13,throw-prefix-missing,"save-failed"
src\app\components\lawyer\CommunityScreen\hooks\useCommunityScreenPostSaves.ts,68,30,throw-prefix-missing,"copy-failed"
src\app\components\lawyer\CommunityScreen\legalRepositoryCloudSync.ts,25,9,throw-prefix-missing,"cloud-aborted"
src\app\components\lawyer\CommunityScreen\legalRepositoryCloudSync.ts,29,9,throw-prefix-missing,"cloud-failed"
src\app\components\lawyer\CommunityScreen\legalRepositoryCloudSync.ts,32,9,throw-prefix-missing,"cloud-aborted"
src\app\components\lawyer\CommunityScreen\legalRepositoryCloudSync.ts,40,9,throw-prefix-missing,"cloud-failed"
src\app\components\lawyer\CommunityScreen\legalRepositoryCloudSync.ts,43,9,throw-prefix-missing,"cloud-aborted"
src\app\components\lawyer\CommunityScreen\repositoryStorageService.ts,118,9,throw-prefix-missing,"download-failed"
src\app\components\lawyer\CommunityScreen\settleIdleChunkPrefetch.ts,43,17,console-prod-use,"console.warn(`[hami:prefetch] ${label}`, reason);"
src\app\components\lawyer\criminal-system\criminalDashboardBridgeRuntime.ts,137,21,console-prod-use,"console.warn('[criminalDashboardBridge] publish failed', err);"
src\app\components\lawyer\criminal-system\criminalStoreMergeDraftActions.ts,298,21,console-prod-use,"console.warn('[criminal] فشل تنظيف أحداث التقويم بعد حذف الإضبارة', id, err);"
src\app\components\lawyer\criminal-system\legalCodes\legalCodesDataCache.ts,82,13,console-prod-use,"console.warn('[LegalCodes] bundled fallback is present but empty', {"
src\app\components\lawyer\criminal-system\legalCodes\legalCodesDataCache.ts,87,13,console-prod-use,"console.error('[LegalCodes] bundled fallback failed', {"
src\app\components\lawyer\criminal-system\legalCodes\legalCodesDataCache.ts,95,9,console-prod-use,"console.error('[LegalCodes] load failed', {"
src\app\components\lawyer\dashboard\ArchivePortalHost.tsx,139,25,console-prod-use,"console.error('[ArchivePortalHost] execution archive load failed', error);"
src\app\components\lawyer\dashboard\ArchivePortalHost.tsx,163,25,console-prod-use,"console.error('[ArchivePortalHost] archive module load failed', error);"
src\app\components\lawyer\dashboard\ExecutionDashboardPortal.tsx,16,13,throw-prefix-missing,"[ExecutionDossier] ExecutionDashboard export missing from module"
src\app\components\lawyer\dashboard\ExecutionDashboardPortal.tsx,154,21,console-prod-use,"console.error('[ExecutionDossier] crash:', error);"
src\app\components\lawyer\dashboard\ExecutionDashboardPortal.tsx,155,21,console-prod-use,"console.error('[ExecutionDossier] stack:', errorInfo.componentStack);"
src\app\components\lawyer\dashboard\fieldTasks\FieldTasksManagerHost.tsx,72,25,throw-prefix-missing,"TasksManagerOverlay missing"
src\app\components\lawyer\dashboard\homeLiteErrorBoundary.tsx,20,9,console-prod-use,"console.error(`[${source}] render failed:`, error);"
src\app\components\lawyer\dashboard\SmartFileModalPortal.tsx,104,17,console-prod-use,"console.error('[LawsuitDossier] crash:', error);"
src\app\components\lawyer\dashboard\SmartFileModalPortal.tsx,105,17,console-prod-use,"console.error('[LawsuitDossier] component stack:', errorInfo.componentStack);"
src\app\components\lawyer\dashboard\TasksManager.tsx,126,17,throw-prefix-missing,"NO_USER"
src\app\components\lawyer\dashboard\TasksManager.tsx,139,17,throw-prefix-missing,"CREATE_FAILED"
src\app\components\lawyer\DeferredActiveOrderFile.tsx,102,17,console-prod-use,"console.error('[ActiveOrderFile] render error:', error, info.componentStack);"
src\app\components\lawyer\ExecutionDashboard\followupModalContext.tsx,52,9,throw-prefix-missing,"useFollowupModal must run inside FollowupModalStoreProvider"
src\app\components\lawyer\ExecutionDashboard\hooks\executionDashboardChunkScope.tsx,25,9,throw-prefix-missing,"useExecutionDashboardChunkScopeRef outside ExecutionDashboardChunkScopeProvider"
src\app\components\lawyer\GlobalSearchOverlay\hooks\GlobalSearchRuntimeProvider.tsx,85,9,throw-prefix-missing,"useGlobalSearchRuntime must be used within GlobalSearchRuntimeProvider"
src\app\components\lawyer\RoyalLawyerProfile\components\ProfileSettingsSheetHost.tsx,67,21,throw-prefix-missing,"ProfileSettingsSheet missing"
src\app\components\lawyer\RoyalLawyerProfile\hooks\useProfileStudioCustomizationSave.ts,89,25,throw-prefix-missing,"profile-missing"
src\app\components\lawyer\smart-modal\smartFile\cassationCorrectionTransition.ts,24,9,throw-prefix-missing,"applyCassationCorrectionOpen: cassation stage not found"
src\app\components\lawyer\smart-modal\smartFile\cassationCorrectionTransition.ts,122,9,throw-prefix-missing,"applyCorrectionComplete: correction stage not found"
src\app\components\lawyer\smart-modal\smartFile\cassationCorrectionTransition.ts,150,9,throw-prefix-missing,"applyCorrectionComplete: litigation target stage missing"
src\app\components\lawyer\smart-modal\smartFile\cassationCorrectionTransition.ts,192,9,throw-prefix-missing,"applyCorrectionRejected: correction stage not found"
src\app\components\lawyer\smart-modal\smartFile\cassationRemandTransition.ts,71,9,throw-prefix-missing,"applyCassationRemand: cassation stage not found"
src\app\components\lawyer\smart-modal\smartFile\cassationRemandTransition.ts,77,9,throw-prefix-missing,"applyCassationRemand: no distinct prior stage to remand to"
src\app\components\lawyer\smart-modal\smartFile\cassationRemandTransition.ts,81,9,throw-prefix-missing,"applyCassationRemand: remand source stage missing"
src\app\components\lawyer\smart-modal\smartFile\shareCaseReport.ts,53,9,throw-prefix-missing,"Web Share API not supported"
src\app\components\lawyer\SmartRepository\hooks\useRepositoryRoomActions.ts,101,21,throw-prefix-missing,"repository-room-delete-failed"
src\app\components\lawyer\SmartRepository\RepositoryErrorBoundary.tsx,24,13,console-prod-use,"console.error('[RepositoryErrorBoundary]', error);"
src\app\components\lawyer\SmartVaultModal\scannerCamera.ts,94,20,throw-prefix-missing,"invalid data url"
src\app\components\lawyer\SmartVaultModal\scannerCamera.ts,159,9,throw-prefix-missing,"UNSUPPORTED_CAMERA_API"
src\app\components\lawyer\SmartVaultModal\scannerCamera.ts,172,9,throw-prefix-missing,"UNSUPPORTED_CAMERA_API"
src\app\components\lawyer\SmartVaultModal\VaultPdfJsViewer.tsx,100,27,throw-prefix-missing,"canvas 2d unavailable"
src\app\components\lawyer\SmartVaultModal\VaultPdfJsViewer.tsx,112,25,console-prod-use,"console.error(`[vault-pdf] فشل رسم الصفحة ${pageNumber}`, err);"
src\app\components\lawyer\SmartVaultModal\VaultPdfJsViewer.tsx,238,21,console-prod-use,"console.error('[vault-pdf] فشل تحميل مستند PDF', err);"
src\app\components\lawyer\TransactionsThreading\copyTransactionsText.ts,10,13,throw-prefix-missing,"clipboard-unavailable"
src\app\components\lawyer\TransactionsThreading\copyTransactionsText.ts,20,18,throw-prefix-missing,"clipboard-unavailable"
src\app\components\lawyer\TransactionsThreading\TransactionsChunkGuard.tsx,15,9,console-prod-use,"console.error('transactions-chunk-guard', error, info.componentStack);"
src\app\components\lawyer\View_Urgent_And_Orders_Dashboard\UrgentDashboardOverlays.tsx,83,25,console-prod-use,"console.error('[UrgentOrders] form modal error:', error, info.componentStack);"
src\app\components\lawyer\View_Urgent_And_Orders_Dashboard\UrgentDashboardOverlays.tsx,118,29,console-prod-use,"console.error('[UrgentOrders] dossier panel error:', error, info.componentStack);"
src\app\components\ui\ErrorBoundary.tsx,57,9,console-prod-use,"console.error('[ErrorBoundary] Caught error:', error);"
src\app\components\ui\ErrorBoundary.tsx,58,9,console-prod-use,"console.error('[ErrorBoundary] Component stack:', errorInfo.componentStack);"
src\app\components\ui\ErrorBoundary.tsx,223,10,console-prod-use,"*       console.error('App Error:', error);"
src\app\context\authHooks.ts,44,9,throw-prefix-missing,"useAuth must be used within an AuthProvider"
src\app\context\authProviderRuntime.ts,750,21,console-prod-use,"console.warn('[auth] local logout purge incomplete:', result.failedStages.join(', '));"
src\app\context\authProviderRuntime.ts,866,9,throw-prefix-missing,"admin bypass disabled outside development"
src\app\context\authProviderRuntime.ts,869,9,throw-prefix-missing,"admin bypass requires development build"
src\app\context\lawyerSettings\lawyerSettingsDevFallback.ts,27,5,throw-prefix-missing,"${hookName} must be used within LawyerSettingsProvider"
src\app\context\lawyerSettings\lawyerSettingsHooks.ts,36,13,console-prod-use,"console.warn("
src\app\context\lawyerSettings\lawyerSettingsHooks.ts,42,5,throw-prefix-missing,"useLawyerSettings must be used within LawyerSettingsProvider"
src\app\context\lawyerSettings\lawyerSettingsHooks.ts,121,5,throw-prefix-missing,"useLawyerSettingsActions must be used within LawyerSettingsProvider"
src\app\data\DocsVault.ts,40,13,console-prod-use,"console.error(""Failed to load docs vault"", e);"
src\app\data\DocsVault.ts,48,13,console-prod-use,"console.error(""Failed to save docs vault"", e);"
src\app\data\NotesVault.ts,78,13,console-prod-use,"console.error(""Failed to load notes vault"", e);"
src\app\data\NotesVault.ts,86,13,console-prod-use,"console.error(""Failed to save notes vault"", e);"
src\app\domain\lawsuit\lawsuitSegmentPersist.ts,34,5,console-prod-use,"console.warn("
src\app\domain\lawsuit\litigationDecisionEngine.ts,333,15,throw-prefix-missing,"missing party ${id}"
src\app\hooks\lawsuitCommitWarn.ts,66,17,console-prod-use,"console.info("
src\app\hooks\lawyerDashboard\lawyerDashboardWorkspaceContext.ts,33,9,throw-prefix-missing,"useLawyerDashboardWorkspace must be used within LawyerDashboardWorkspaceProvider"
src\app\hooks\useLawsuitFilesState.ts,339,29,console-prod-use,"console.warn("
src\app\hooks\useQuantumTasksContext.ts,20,9,throw-prefix-missing,"useQuantumTasksContext must be used within QuantumTasksProvider"
src\app\hooks\useQuantumTasksContext.ts,28,9,throw-prefix-missing,"useQuantumTasksData must be used within QuantumTasksProvider"
src\app\hooks\useQuantumTasksContext.ts,36,9,throw-prefix-missing,"useQuantumTasksActions must be used within QuantumTasksProvider"
src\app\infrastructure\persistence\LocalStorageRepository.ts,135,13,console-prod-use,"console.error(""❌ [LocalStorageRepository] Failed to save data:"", error);"
src\app\infrastructure\persistence\LocalStorageRepository.ts,178,13,console-prod-use,"console.error(""❌ [LocalStorageRepository] Failed to load data:"", error);"
src\app\infrastructure\persistence\LocalStorageRepository.ts,195,13,console-prod-use,"console.error('❌ [LocalStorageRepository] Failed to loadAsync:', error);"
src\app\infrastructure\persistence\LocalStorageRepository.ts,213,13,console-prod-use,"console.error(""❌ [LocalStorageRepository] Failed to remove data:"", error);"
src\app\infrastructure\persistence\LocalStorageRepository.ts,247,13,console-prod-use,"console.error(""❌ [LocalStorageRepository] Failed to clear storage:"", error);"
src\app\modules\transactionsThreading\repository.ts,71,21,throw-prefix-missing,"Transaction not found"
src\app\modules\transactionsThreading\repository.ts,94,21,throw-prefix-missing,"Task not found"
src\app\modules\transactionsThreading\service.ts,64,14,throw-prefix-missing,"Transaction not found"
src\app\modules\transactionsThreading\service.ts,69,68,throw-prefix-missing,"Invalid parentTaskId"
src\app\modules\transactionsThreading\service.ts,92,20,throw-prefix-missing,"Task not found"
src\app\modules\transactionsThreading\service.ts,102,20,throw-prefix-missing,"Task not found"
src\app\modules\transactionsThreading\service.ts,120,20,throw-prefix-missing,"Task not found"
src\app\modules\transactionsThreading\service.ts,133,14,throw-prefix-missing,"Transaction not found"
src\app\modules\transactionsThreading\service.ts,139,14,throw-prefix-missing,"Transaction not found"
src\app\modules\transactionsThreading\service.ts,148,14,throw-prefix-missing,"Transaction not found"
src\app\modules\transactionsThreading\service.ts,175,14,throw-prefix-missing,"Transaction not found"
src\app\modules\transactionsThreading\store.ts,154,9,throw-prefix-missing,"transactions-user-not-bound"
src\app\runtime\capacitorWebShims\pluginStub.ts,13,9,throw-prefix-missing,"Geolocation unavailable on web build"
src\app\runtime\hamiSettingsLoader.ts,39,9,throw-prefix-missing,"HamiSettings export missing"
src\app\runtime\nativeBootSplash.ts,57,9,console-prod-use,"console.warn('[HamiBoot] notifyReady failed:', reason);"
src\app\runtime\profileSettingsStudioTabsLoader.ts,144,17,throw-prefix-missing,"profile-studio-chunk-missing:${chunk}"
src\app\services\admin\adminVerifyClient.ts,86,5,throw-prefix-missing,"admin_verify_${res.status}"
src\app\services\cloud\lawyerCommunityCloud.ts,44,9,console-prod-use,"console.warn('[LawyerStorage] ┘╪┤┘ ╪ص╪░┘ ┘à┘┘(╪د╪ز) ┘à┘ ╪د┘┘à╪«╪▓┘:', toRemove.join(', '));"
src\app\services\CryptoService.ts,8,16,console-prod-use,"if (__DEV__) console.warn(...a);"
src\app\services\CryptoService.ts,11,16,console-prod-use,"if (__DEV__) console.error(...a);"
src\app\services\CryptoService.ts,884,7,throw-prefix-missing,"[CryptoService] Data does not appear to be encrypted or is corrupted"
src\app\services\CryptoService.ts,915,33,throw-prefix-missing,"[CryptoService] Tampered data: invalid IV/ciphertext format"
src\app\services\forum\ForumNotificationStreamService.ts,68,9,throw-prefix-missing,"stream ${response.status}"
src\app\services\notifications\notificationProductionReadiness.ts,25,13,console-prod-use,"console.warn("
src\app\services\plaintextFallbackSignal.ts,25,9,console-prod-use,"console.warn("
src\app\services\profile\buildProfileEditPersistPayload.ts,32,9,throw-prefix-missing,"profile-edit-name-required"
src\app\services\profile\profileImageEditor.ts,91,19,throw-prefix-missing,"canvas unavailable"
src\app\services\profile\profileImageEditor.ts,134,15,throw-prefix-missing,"canvas unavailable"
src\app\services\profile\profileImageEditor.ts,145,16,throw-prefix-missing,"export failed"
src\app\services\profileMediaCompress.ts,64,56,throw-prefix-missing,"invalid dimensions"
src\app\services\profileMediaCompress.ts,76,15,throw-prefix-missing,"canvas unavailable"
src\app\services\profileMediaCompress.ts,87,9,throw-prefix-missing,"image too large"
src\app\services\profileMediaCompress.ts,90,9,throw-prefix-missing,"image too large"
src\app\services\profileMediaService.ts,48,9,throw-prefix-missing,"image too large"
src\app\services\profileMediaService.ts,67,20,throw-prefix-missing,"image too large"
src\app\services\profileMediaService.ts,74,16,throw-prefix-missing,"image too large"
src\app\services\pushSubscriptionStore.ts,10,41,throw-prefix-missing,"kv_local_only"
src\app\services\pushSubscriptionStore.ts,12,21,throw-prefix-missing,"kv_local_only"
src\app\services\RealtimeService.ts,15,8,console-prod-use,"*     console.log('تحديث جديد:', payload);"
src\app\services\RequestSigningService.ts,40,7,throw-prefix-missing,"WIFE signing requires an authenticated user token."
src\app\services\SecureStoreService.ts,394,7,throw-prefix-missing,"crypto-not-ready"
src\app\services\SecureStoreService.ts,398,7,throw-prefix-missing,"crypto-roundtrip-mismatch"
src\app\services\SecureStoreService.ts,419,9,throw-prefix-missing,"crypto-frozen-without-key"
src\app\services\SecureStoreService.ts,436,9,throw-prefix-missing,"crypto-frozen-without-key"
src\app\services\settings\applicationWipe.ts,56,13,throw-prefix-missing,"[settings_wipe:cloud_incomplete] cloud_wipe_incomplete"
src\app\services\settings\applicationWipe.ts,244,17,throw-prefix-missing,"[settings_wipe:bff_logout_failed] bff_logout_failed"
src\app\services\settings\applicationWipe.ts,257,9,throw-prefix-missing,"local_wipe_incomplete:${local.failedStages.join("
src\app\services\settings\businessBackupCrypto.ts,29,28,throw-prefix-missing,"invalid backup password:${passwordCheck.reason}"
src\app\services\settings\businessBackupCrypto.ts,32,9,throw-prefix-missing,"[backup_crypto:plaintext_oversized] backup plaintext exceeds mobile-safe limit"
src\app\services\settings\businessBackupCrypto.ts,70,9,throw-prefix-missing,"[backup_crypto:invalid_envelope] invalid encrypted backup envelope"
src\app\services\settings\businessBackupCrypto.ts,77,43,throw-prefix-missing,"[backup_crypto:missing_fields] invalid encrypted backup"
src\app\services\settings\businessBackupCrypto.ts,83,9,throw-prefix-missing,"[backup_crypto:kdf_iterations_range] invalid backup KDF iterations"
src\app\services\settings\businessBackupCrypto.ts,90,9,throw-prefix-missing,"[backup_crypto:kdf_unsupported] unsupported backup KDF"
src\app\services\settings\businessBackupCrypto.ts,93,9,throw-prefix-missing,"[backup_crypto:ciphertext_oversized] encrypted backup exceeds size limit"
src\app\services\settings\businessBackupCrypto.ts,99,9,throw-prefix-missing,"[backup_crypto:params_invalid] invalid encrypted backup parameters"
src\app\services\settings\businessBackupCrypto.ts,104,9,throw-prefix-missing,"[backup_crypto:decrypted_oversized] decrypted backup exceeds size limit"
src\app\services\settings\businessBackupEncoding.ts,19,9,throw-prefix-missing,"[backup_encoding:base64_invalid:${label}] invalid ${label} encoding"
src\app\services\settings\businessBackupEncoding.ts,37,9,throw-prefix-missing,"[backup_encoding:vault_manifest_invalid] invalid vault blob manifest"
src\app\services\settings\businessBackupEncoding.ts,44,13,throw-prefix-missing,"[backup_encoding:vault_blob_invalid] invalid vault blob record"
src\app\services\settings\businessBackupEncoding.ts,72,13,throw-prefix-missing,"[backup_encoding:vault_blob_invalid_fields] invalid vault blob record"
src\app\services\settings\businessBackupEncoding.ts,75,33,throw-prefix-missing,"[backup_encoding:vault_blob_duplicate] duplicate vault blob record"
src\app\services\settings\businessBackupEncoding.ts,79,13,throw-prefix-missing,"[backup_encoding:vault_blobs_oversized] vault blobs exceed the mobile-safe backup limit"
src\app\services\settings\businessBackupImport.ts,44,17,throw-prefix-missing,"[backup_import:vault_orphan] vault blob is not referenced by the imported vault index"
src\app\services\settings\businessBackupImport.ts,48,17,throw-prefix-missing,"[backup_import:vault_checksum] vault blob checksum mismatch"
src\app\services\settings\businessBackupImport.ts,71,17,throw-prefix-missing,"backup restore verification failed:${k}"
src\app\services\settings\businessBackupImport.ts,133,25,throw-prefix-missing,"backup rollback delete verification failed:${k}"
src\app\services\settings\businessBackupImport.ts,141,25,throw-prefix-missing,"backup rollback restore verification failed:${k}"
src\app\services\settings\businessBackupImport.ts,150,13,throw-prefix-missing,"backup restore failed and rollback was incomplete"
src\app\services\settings\businessBackupImport.ts,167,9,throw-prefix-missing,"[backup_import:file_oversized] backup exceeds the mobile-safe import limit"
src\app\services\settings\businessBackupImport.ts,186,9,throw-prefix-missing,"[backup_import:envelope_invalid] invalid backup"
src\app\services\settings\businessBackupImport.ts,193,9,throw-prefix-missing,"[backup_import:records_invalid] backup contains invalid records"
src\app\services\settings\deleteLawyerAccount.ts,35,13,throw-prefix-missing,"[delete_account:cloud_incomplete] account_delete_incomplete"
src\app\services\settings\deleteLawyerAccount.ts,50,13,throw-prefix-missing,"[delete_account:bff_logout_failed] bff_logout_failed"
src\app\services\settings\deleteLawyerAccount.ts,65,9,throw-prefix-missing,"[delete_account:unauthenticated] account_delete_unauthenticated"
src\app\services\settings\deleteLawyerAccount.ts,79,9,throw-prefix-missing,"local_wipe_incomplete:${local.failedStages.join("
src\app\services\settings\verifySensitiveSettingsAction.ts,19,9,throw-prefix-missing,"[sensitive_gate:csprng_unavailable] csprng_unavailable"
src\app\services\settings\wallpaperEditorRender.ts,80,15,throw-prefix-missing,"[wallpaper_render:canvas_unavailable] canvas unavailable"
src\app\services\settings\wallpaperEditorRender.ts,109,20,throw-prefix-missing,"[wallpaper_render:export_failed] canvas export failed"
src\app\services\settings\wallpaperEditorRender.ts,128,13,throw-prefix-missing,"[wallpaper_render:image_too_large] image too large"
src\app\services\storage\lawyerStorageRuntime.ts,19,13,throw-prefix-missing,"Unauthorized upload: session user mismatch"
src\app\services\storage\lawyerStorageRuntime.ts,22,13,throw-prefix-missing,"work_cloud_upload_disabled"
src\app\services\storage\lawyerStorageRuntime.ts,63,13,throw-prefix-missing,"Upload response missing path"
src\app\services\storage\removeRemoteStoragePaths.ts,25,9,console-prod-use,"console.warn('[LawyerStorage] فشل حذف ملف(ات) من المخزن:', toRemove.join(', '));"
src\app\services\SupabaseService.ts,168,7,throw-prefix-missing,"execution_file_id_missing"
src\app\services\SupabaseService.ts,254,17,throw-prefix-missing,"Execution file not found: ${fileId}"
src\app\services\SupabaseService.ts,275,7,throw-prefix-missing,"lawsuit_file_id_missing"
src\app\services\taskHelp\taskHelpApiService.ts,77,29,throw-prefix-missing,"RECIPIENT_NOT_IN_NETWORK"
src\app\services\taskHelp\taskHelpApiService.ts,104,17,throw-prefix-missing,"ACCEPT_FAILED"
src\app\services\taskHelp\taskHelpApiService.ts,136,23,throw-prefix-missing,"NOTE_FAILED"
src\app\services\taskHelp\taskHelpScenarios.ts,42,29,throw-prefix-missing,"expected first accept ok, got ${first.code}"
src\app\services\taskHelp\taskHelpScenarios.ts,66,36,throw-prefix-missing,"party notes should succeed"
src\app\services\taskHelp\taskHelpScenarios.ts,69,28,throw-prefix-missing,"helper_done failed: ${done.code}"
src\app\services\taskHelp\taskHelpScenarios.ts,72,33,throw-prefix-missing,"owner_confirm failed: ${confirmed.code}"
src\app\services\vault\smartVaultRuntime.ts,100,17,console-prod-use,"console.error('[Vault] saveDoc background flush failed', err);"
src\app\services\vault\smartVaultRuntime.ts,103,13,console-prod-use,"console.error('[Vault] saveDoc degraded persist - keeping in-memory index', err);"
src\app\services\vault\vaultDocResolve.ts,228,9,throw-prefix-missing,"unsafe vault preview url"
src\app\services\vault\vaultDocResolve.ts,264,16,throw-prefix-missing,"vault download unavailable"
src\app\services\vaultBlobStore.ts,426,18,throw-prefix-missing,"vault blob database unavailable"
src\app\services\vaultBlobStore.ts,554,18,throw-prefix-missing,"vault blob database unavailable"
src\app\services\vaultBlobStore.ts,591,18,throw-prefix-missing,"vault blob database unavailable"
src\app\services\vaultUploadService.ts,85,9,console-prod-use,"console.error('[Vault] background blob persist failed', err, fileLabel);"
src\app\services\vaultUploadService.ts,123,9,throw-prefix-missing,"file too large"
src\app\services\vaultUploadService.ts,148,25,throw-prefix-missing,"user required"
src\app\services\vaultUploadService.ts,149,42,throw-prefix-missing,"file too large"
src\app\services\vaultUploadService.ts,201,47,throw-prefix-missing,"file too large"
src\app\services\vaultUploadService.ts,203,13,throw-prefix-missing,"invalid scan source"
src\app\services\vaultUploadService.ts,209,47,throw-prefix-missing,"invalid data url"
src\app\services\vaultUploadService.ts,211,24,throw-prefix-missing,"invalid data url"
src\app\services\vaultUploadService.ts,215,57,throw-prefix-missing,"invalid data url"
src\app\services\vaultUploadService.ts,217,50,throw-prefix-missing,"file too large"
src\app\services\vaultUploadService.ts,222,5,throw-prefix-missing,"invalid scan source"
src\app\services\vaultUploadService.ts,236,25,throw-prefix-missing,"user required"
src\app\services\vaultUploadService.ts,237,42,throw-prefix-missing,"file too large"
src\app\services\voice\voiceRecordingLimits.ts,51,9,throw-prefix-missing,"VOICE_TOO_LARGE"
src\app\utils\bffAuthClient.ts,115,37,throw-prefix-missing,"Auth service unavailable"
src\app\utils\bundledIraqiLawLoader.ts,77,27,throw-prefix-missing,"fetch failed ${response.status}"
src\app\utils\debug.ts,23,13,console-prod-use,"console.log(...args);"
src\app\utils\debug.ts,29,13,console-prod-use,"console.warn(...args);"
src\app\utils\debug.ts,36,17,console-prod-use,"console.log(...args);"
src\app\utils\debug.ts,40,9,console-prod-use,"console.error(...args);"
src\app\utils\debug.ts,45,13,console-prod-use,"console.info(...args);"
src\app\utils\errorHandler.ts,31,9,console-prod-use,"console.debug('[ErrorHandler] فشل إرسال الخطأ إلى Sentry:', e);"
src\app\utils\errorHandler.ts,48,13,console-prod-use,"console.error(`❌ ${errorMessage}:`, err);"
src\app\utils\errorHandler.ts,50,13,console-prod-use,"console.error('❌ خطأ:', err);"
src\app\utils\errorHandler.ts,69,13,console-prod-use,"console.error(`❌ ${errorMessage}:`, err);"
src\app\utils\errorHandler.ts,71,13,console-prod-use,"console.error('❌ خطأ:', err);"
src\app\utils\errorHandler.ts,169,7,console-prod-use,"console.error('❌ [LocalStorage] الذاكرة ممتلئة - يرجى مسح بعض البيانات');"
src\app\utils\errorHandler.ts,183,9,console-prod-use,"console.error('❌ [LocalStorage] فشلت إعادة المحاولة:', retryError);"
src\app\utils\errorLog.ts,4,5,console-prod-use,"console.error(`❌ [${context}]`, error);"
src\app\utils\errorLog.ts,6,9,console-prod-use,"console.error('التفاصيل:', details);"
src\app\utils\errorLog.ts,16,5,console-prod-use,"console.error(`❌ [${context}]`, {"
src\app\utils\followupSpecializationMerge.ts,11,9,throw-prefix-missing,"mergeFollowupSpecializationFlags requires at least one flags object"
src\app\utils\performanceMonitor.ts,164,9,console-prod-use,"console.log('Total Metrics:', report.metrics.length);"
src\app\utils\performanceMonitor.ts,168,13,console-prod-use,"console.log(`${name}: ${avg.toFixed(2)}ms`);"
src\app\utils\performanceMonitor.ts,175,17,console-prod-use,"console.log(`${i + 1}. ${m.name}: ${m.duration.toFixed(2)}ms`);"
src\app\utils\performanceMonitor.ts,183,17,console-prod-use,"console.log(`${i + 1}. ${m.name}: ${m.duration.toFixed(2)}ms`);"
src\app\utils\production.ts,175,7,console-prod-use,"console.error('[production] client env incomplete:', apiCheck.missing);"
src\app\utils\production.ts,178,46,console-prod-use,"apiCheck.warnings.forEach((warning) => console.warn(warning));"
src\app\utils\production.ts,229,7,console-prod-use,"console.log('✅ تم تفعيل وضع Debug');"
src\app\utils\production.ts,232,7,console-prod-use,"console.log('✅ تم تعطيل وضع Debug');"
src\app\utils\production.ts,235,5,console-prod-use,"console.error('فشل تغيير وضع Debug:', error);"
src\app\utils\storageCache.ts,125,7,console-prod-use,"console.error('[StorageCache] فشل الحفظ في localStorage:', e);"
src\app\utils\storageCache.ts,144,7,console-prod-use,"console.error('[StorageCache] فشل الحذف من localStorage:', e);"
src\app\utils\storageCache.ts,195,7,console-prod-use,"console.error('[StorageCache] فشل القراءة من localStorage:', e);"
src\app\utils\storageCache.ts,215,7,console-prod-use,"console.log(`🧹 [StorageCache] تم تنظيف ${removed} إدخال قديم`);"
src\app\utils\storageUtils.ts,21,17,console-prod-use,"console.error('❌ LocalStorage ممتلئ! لا يمكن الحفظ.', error);"
src\app\utils\storageUtils.ts,23,17,console-prod-use,"console.error('❌ خطأ في حفظ البيانات:', error.message);"
src\app\utils\storageUtils.ts,39,9,console-prod-use,"console.error(`❌ خطأ في قراءة البيانات من ${key}:`, error);"
src\app\utils\storageUtils.ts,53,9,console-prod-use,"console.error(`❌ خطأ في حذف ${key}:`, error);"
src\app\utils\storageUtils.ts,70,9,console-prod-use,"console.error('❌ خطأ في مسح التخزين:', error);"
src\app\utils\storageUtils.ts,117,9,console-prod-use,"console.error('❌ خطأ في الحفظ المجمّع:', error);"
