file,line,element_tag,category_initial,class_final,swap_decision,downgrade_reason,raw_snippet
"src/app/components/lawyer/Dashboard_Active_Order_File/panels/cassation/CassationPhaseHeader.tsx",41,"span","R3-ELIGIBLE-PENDING-INSPECTION","R3-NEEDS-FIX-ROLE-BUTTON→NATIVE-BUTTON","SWAP pending T3 balanced close tag","","<span role=""button"" tabIndex={0} onClick={(e) => { e.stopPropagation(); setEditCassation(true); setActiveLifecycleStep('cassation'); }} className=""inline-flex min-h-[44px] items-center px-2 rounded"
"src/app/components/lawyer/Dashboard_Active_Order_File/panels/grievance/GrievancePhaseHeader.tsx",40,"span","R3-ELIGIBLE-PENDING-INSPECTION","R3-NEEDS-FIX-ROLE-BUTTON→NATIVE-BUTTON","SWAP pending T3 balanced close tag","","<span role=""button"" tabIndex={0} onClick={(e) => { e.stopPropagation(); setEditGrievance(true); setActiveLifecycleStep('grievance'); }} className=""inline-flex min-h-[44px] items-center px-2 rounded"
"src/app/components/lawyer/ExecutionDashboard/components/DashboardHeaderSection.tsx",193,"div","R3-ELIGIBLE-PENDING-INSPECTION","R3-NEEDS-FIX-ROLE-BUTTON→NATIVE-BUTTON","SWAP pending T3 balanced close tag","","<div className={`${EXECUTION_DOSSIER_SUMMARY_TOGGLE} ${ headerExpanded ? 'rounded-t-lg rounded-b-none' : 'rounded-lg' }`} role=""button"" tabIndex={0} onClick={() => setLocalHeaderExpanded((open) => !"
"src/app/components/lawyer/FinancialOperationsCenter/components/FocFundsCardHeader.tsx",54,"div","R3-ELIGIBLE-PENDING-INSPECTION","R3-NEEDS-FIX-ROLE-BUTTON→NATIVE-BUTTON","SWAP pending T3 balanced close tag","","<div role=""button"" tabIndex={0} onClick={onToggle} onKeyDown={onKeyToggle} className={`${collapsedHeaderClassName} flex min-w-0 flex-1 cursor-pointer items-stretch outline-none focus-visible:ring-2 "
"src/app/components/lawyer/FinancialOperationsCenter/components/FocFundsCardHeader.tsx",120,"div","R3-ELIGIBLE-PENDING-INSPECTION","R3-NEEDS-FIX-ROLE-BUTTON→NATIVE-BUTTON","SWAP pending T3 balanced close tag","","<div role=""button"" tabIndex={0} onClick={onToggle} onKeyDown={onKeyToggle} className={`${expandedHeaderClassName} min-w-0 flex-1 cursor-pointer text-right outline-none focus-visible:ring-2 focus-vis"
"src/app/components/lawyer/GlobalSearchOverlay/components/GlobalSearchSheetHandle.tsx",42,"div","R3-ELIGIBLE-PENDING-INSPECTION","R3-NEEDS-FIX-ROLE-BUTTON→NATIVE-BUTTON","SWAP pending T3 balanced close tag","","<div ref={hitRef} className=""hami-gs-handle-hit"" data-testid=""global-search-swipe-handle"" role=""button"" tabIndex={enabled ? 0 : -1} aria-label=""اسحب للأسفل لإغلاق البحث"" onKeyDown={(event) => "
"src/app/components/lawyer/NotificationPanel/components/IncomingNotificationPopups.tsx",23,"div","R3-ELIGIBLE-PENDING-INSPECTION","R3-NEEDS-FIX-ROLE-BUTTON→NATIVE-BUTTON","SWAP pending T3 balanced close tag","","<div role=""button"" tabIndex={0} onClick={() => onOpen(item.id)} onKeyDown={(e) => { if (e.key !== 'Enter' && e.key !== ' ') return; e.preventDefault(); onOpen(item.id); }} data-testid={`incoming-not"
"src/app/components/lawyer/NotificationPanel/components/NotificationCard.tsx",35,"div","R3-ELIGIBLE-PENDING-INSPECTION","R3-NEEDS-FIX-ROLE-BUTTON→NATIVE-BUTTON","SWAP pending T3 balanced close tag","","<div role=""button"" tabIndex={0} onClick={() => onTap(notification)} onKeyDown={(event) => { if (event.target !== event.currentTarget) return; if (event.key !== 'Enter' && event.key !== ' ') return; "
"src/app/components/lawyer/TransactionsThreading/TaskNodeCard.tsx",100,"div","R3-ELIGIBLE-PENDING-INSPECTION","R3-NEEDS-FIX-ROLE-BUTTON→NATIVE-BUTTON","SWAP pending T3 balanced close tag","","<div role=""button"" tabIndex={readOnly ? -1 : 0} onClick={() => { if (!readOnly) onToggleStatus(task); }} onKeyDown={(e) => { if (readOnly) return; if (e.key === 'Enter' || e.key === ' ') { e.prevent"
